稚内地方気象台管理,"","","","","","","","","","","","","",""
宗谷,11001,四,宗谷岬,そうやみさき,"",31,141,56,26,10,1,昭53.10.30,－,－
宗谷,11016,官,稚内,わっかない,"",24,141,40,3,23,－,#昭50.4.1,11903,－
宗谷,11046,四,礼文,れぶん,"",18,141,2,65,6,1,平15.10.17,－,－
宗谷,11061,官,声問,こえとい,"",24,141,48,8,8,－,平15.1.1,11904,日照を除く
宗谷,11076,四,浜鬼志別,はまおにしべつ,"",20,142,10,13,6,1,昭53.10.30,11900,－
宗谷,11091,官,本泊,もとどまり,"",14,141,11,30,7,－,平15.1.1,－,日照を除く
宗谷,11121,四,沼川,ぬまかわ,"",14,141,51,23,8,1,昭52.10.20,11905,－
宗谷,11151,四,沓形,くつがた,"",10,141,8,14,6,1,#昭52.10.24,－,－
宗谷,11176,四,豊富,とよとみ,"",6,141,45,16,10,1,(昭50.5.29)昭52.10.25,11910,－
宗谷,11206,四,浜頓別,はまとんべつ,"",7,142,21,18,10,2,#昭52.10.19,－,－
宗谷,11276,四,中頓別,なかとんべつ,"",57,142,16,25,10,1,(昭50.5.28)昭52.10.19,11915,－
宗谷,11291,官,北見枝幸,きたみえさし,"",56,142,35,7,17,－,#昭51.1.1,11917,－
宗谷,11316,四,歌登,うたのぼり,"",50,142,28,14,10,1,#昭52.10.25,11920,－
宗谷,13011,雨,幌延,ほろのべ,"",0,141,51,5,－,－,平17.11.15,－,－
旭川地方気象台管理,"","","","","","","","","","","","","",""
上川,12011,四,中川,なかがわ,"",49,142,4,22,10,1,昭52.10.19,－,－
上川,12041,四,音威子府,おといねっぷ,"",43,142,15,40,10,1,昭52.10.17,12905,－
上川,12066,雨,小車,おぐるま,"",36,142,17,62,－,－,平17.11.9,－,－
上川,12141,四,美深,びふか,"",28,142,20,77,10,1,#昭52.10.6,12900,－
上川,12181,四,名寄,なよろ,"",22,142,27,89,8,2,#昭51.4.1,12910,－
上川,12217,雨,西風連,にしふうれん,"",17,142,21,128,－,－,平17.11.8,－,－
上川,12231,四,下川,しもかわ,"",18,142,37,140,10,2,#昭52.10.14,12925,－
上川,12256,雨,剣淵,けんぶち,"",6,142,21,138,－,－,平17.11.10,－,－
上川,12261,四,士別,しべつ,"",11,142,25,135,8,1,#昭52.10.13,－,－
上川,12266,四,朝日,あさひ,"",7,142,35,225,10,1,昭52.10.13,－,－
上川,12301,四,和寒,わっさむ,"",1,142,24,150,10,1,昭52.10.12,12915,－
上川,12386,四,江丹別,えたんべつ,"",52,142,15,140,10,3,昭52.10.11,－,－
上川,12396,四,比布,ぴっぷ,"",52,142,28,175,10,2,(昭50.5.27)昭52.10.11,－,－
上川,12411,四,上川,かみかわ,"",50,142,45,324,10,2,#昭52.10.12,12920,－
上川,12442,官,旭川,あさひかわ,"",45,142,22,120,46,－,平16.9.9,12927,－
上川,12451,四,東川,ひがしかわ,"",42,142,30,215,10,2,昭52.10.5,－,－
上川,12457,雨,瑞穂,みずほ,"",44,142,38,289,－,－,昭59.10.8,－,－
上川,12471,雨,層雲峡,そううんきょう,"",45,142,55,540,－,－,昭50.5.27,12930,－
上川,12501,官,東神楽,ひがしかぐら,"",40,142,26,211,10,－,平15.1.1,12932,日照を除く
上川,12512,四,志比内,しびない,"",38,142,34,310,10,1,平4.10.9,－,－
上川,12551,四,美瑛,びえい,"",35,142,29,250,10,1,(昭50.5.28)昭52.10.6,12935,－
上川,12596,四,上富良野,かみふらの,"",27,142,27,220,10,2,昭52.10.8,－,－
上川,12607,雨,白金,しろがね,"",28,142,39,658,－,－,昭59.10.8,－,－
上川,12626,四,富良野,ふらの,"",20,142,24,174,9,2,#昭51.4.1,12940,－
上川,12632,四,麓郷,ろくごう,"",18,142,31,315,10,2,昭53.10.25,－,－
上川,12686,雨,金山,かなやま,"",8,142,25,284,－,－,平17.11.17,－,－
上川,12691,四,幾寅,いくとら,"",10,142,34,350,9,1,昭52.10.7,12945,－
上川,12746,四,占冠,しむかっぷ,"",58,142,23,332,10,1,昭52.10.7,12950,－
上川,15041,四,朱鞠内,しゅまりない,"",16,142,9,255,10,1,昭53.10.24,15900,－
上川,15076,四,幌加内,ほろかない,"",0,142,9,159,9,1,(昭50.5.28)昭52.10.28,15905,－
留萌,13061,四,天塩,てしお,"",53,141,45,9,10,1,#昭52.10.26,13900,－
留萌,13086,四,遠別,えんべつ,"",43,141,48,7,10,1,#昭52.10.26,－,－
留萌,13121,四,初山別,しょさんべつ,"",31,141,46,27,10,1,昭52.10.28,13905,－
留萌,13146,四,焼尻,やぎしり,"",25,141,25,38,8,1,昭52.10.27,－,－
留萌,13181,官,羽幌,はぼろ,"",21,141,42,8,21,－,#昭51.1.1,13907,－
留萌,13206,雨,古丹別,こたんべつ,"",15,141,43,15,－,－,昭51.8.4,13910,－
留萌,13261,四,達布,たっぷ,"",2,141,51,30,10,3,昭52.10.31,－,－
留萌,13277,官,留萌,るもい,"",56,141,37,24,16,－,昭55.6.21,13915,－
留萌,13311,四,増毛,ましけ,"",50,141,30,20,9,1,#昭53.10.24,－,－
留萌,13321,四,幌糠,ほろぬか,"",51,141,45,20,10,1,昭52.10.31,13920,－
札幌管区気象台管理,"","","","","","","","","","","","","",""
石狩,14026,四,浜益,はまます,"",34,141,23,3,10,1,昭52.10.12,－,－
石狩,14071,四,厚田,あつた,"",23,141,26,5,10,1,昭52.10.12,14900,－
石狩,14101,四,新篠津,しんしのつ,"",13,141,38,9,10,1,#昭53.10.23,14910,－
石狩,14116,四,山口,やまぐち,"",8,141,13,5,10,1,#昭52.10.11,－,－
石狩,14121,四,石狩,いしかり,"",11,141,22,5,10,1,平2.3.6,14905,－
石狩,14136,四,江別,えべつ,"",6,141,36,8,8,1,平12.10.31,－,－
石狩,14157,雨,手稲山,ていねやま,"",5,141,12,568,－,－,平22.3.24,－,－
石狩,14163,官,札幌,さっぽろ,"",3,141,19,17,－,－,平13.9.26,－,気温、雨、日照
石狩,14163,官,札幌,さっぽろ,"",3,141,19,17,59,－,平13.9.26,－,風
石狩,14191,雨,小金湯,こがねゆ,"",57,141,13,230,－,－,#,14915,－
石狩,14206,四,恵庭島松,えにわしままつ,"",55,141,33,30,10,1,#昭52.10.13,14920,－
石狩,14286,四,支笏湖畔,しこつこはん,"",46,141,24,290,10,1,#昭52.10.14,－,－
石狩,14296,官,千歳,ちとせ,"",46,141,41,22,9,－,平15.1.1,14923,日照を除く
空知,15116,四,石狩沼田,いしかりぬまた,"",48,141,55,63,10,1,#昭51.4.1,－,－
空知,15161,四,深川,ふかがわ,"",43,142,4,55,10,1,#昭52.10.7,15910,－
空知,15197,雨,雨竜,うりゅう,"",39,141,53,42,－,－,平17.11.1,－,－
空知,15216,雨,新城,しんじょう,"",36,142,12,147,－,－,昭59.10.5,－,－
空知,15231,四,空知吉野,そらちよしの,"",35,141,43,100,10,1,昭53.11.2,－,－
空知,15241,四,滝川,たきかわ,"",34,141,56,50,9,1,#昭51.4.1,15930,－
空知,15247,雨,赤平,あかびら,"",33,142,4,120,－,－,平17.10.31,－,－
空知,15251,四,芦別,あしべつ,"",31,142,11,91,10,1,#昭53.10.25,15915,－
空知,15276,雨,浦臼,うらうす,"",25,141,48,25,－,－,昭58.8.2,－,－
空知,15311,四,月形,つきがた,"",19,141,37,50,10,1,(昭50.5.16)昭52.10.6,－,－
空知,15321,四,美唄,びばい,"",21,141,49,16,10,1,#昭52.10.5,15920,－
空知,15356,官,岩見沢,いわみざわ,"",12,141,47,42,22,－,#昭50.4.3,15923,－
空知,15391,雨,栗沢,くりさわ,"",7,141,44,20,－,－,昭50.6.7,－,－
空知,15431,四,長沼,ながぬま,"",0,141,41,13,10,2,#昭52.10.5,－,－
空知,15442,四,夕張,ゆうばり,"",2,141,57,293,9,1,#昭51.4.1,15925,－
空知,15451,雨,鹿島,かしま,"",4,142,6,310,－,－,昭58.8.2,－,－
空知,15491,雨,沼の沢,ぬまのさわ,"",57,142,1,161,－,－,昭58.8.2,－,－
後志,16026,四,美国,びくに,"",16,140,33,75,10,1,#昭52.10.25,－,－
後志,16061,四,神恵内,かもえない,"",8,140,25,50,10,1,昭52.10.24,－,－
後志,16076,四,余市,よいち,"",10,140,45,20,10,1,#昭52.10.31,16905,－
後志,16091,官,小樽,おたる,"",10,141,0,25,13,－,#昭50.12.23,16903,－
後志,16126,雨,赤井川,あかいがわ,"",5,140,49,148,－,－,昭51.5.12,16900,－
後志,16156,四,共和,きょうわ,"",58,140,36,15,10,1,#昭52.10.24,16910,－
後志,16206,四,蘭越,らんこし,"",48,140,32,39,8,1,#昭52.10.20,16915,－
後志,16217,官,倶知安,くっちゃん,"",54,140,45,176,30,－,平3.8.28,16917,－
後志,16252,官,寿都,すっつ,"",47,140,13,33,17,－,平元.9.22,16918,－
後志,16272,雨,ニセコ,にせこ,"",46,140,40,113,－,－,平22.3.11,－,－
後志,16281,四,真狩,まっかり,"",46,140,52,440,10,3,(昭50.7.1)昭53.10.27,－,－
後志,16286,四,喜茂別,きもべつ,"",47,140,56,264,10,2,#昭52.10.21,16920,－
後志,16321,四,黒松内,くろまつない,"",39,140,18,27,10,1,#昭52.10.20,16925,－
網走地方気象台管理,"","","","","","","","","","","","","",""
ｵﾎｰﾂｸ,17036,官,雄武,おうむ,"",34,142,57,14,16,－,#昭50.12.1,17903,－
ｵﾎｰﾂｸ,17076,四,興部,おこっぺ,"",28,143,6,8,10,2,#昭52.10.28,－,－
ｵﾎｰﾂｸ,17091,四,西興部,にしおこっぺ,"",19,142,56,120,8,2,(昭50.7.1)昭52.10.28,17900,－
ｵﾎｰﾂｸ,17112,官,紋別,もんべつ,"",20,143,21,16,13,－,昭58.1.1,17904,－
ｵﾎｰﾂｸ,17116,官,紋別小向,もんべつこむかい,"",18,143,24,18,10,－,平15.1.1,17960,日照を除く
ｵﾎｰﾂｸ,17166,四,湧別,ゆうべつ,"",12,143,37,5,9,2,#昭52.10.26,－,－
ｵﾎｰﾂｸ,17196,四,滝上,たきのうえ,"",10,143,3,165,10,2,#昭52.10.27,17905,－
ｵﾎｰﾂｸ,17211,雨,上藻別,かみもべつ,"",11,143,20,85,－,－,#,－,－
ｵﾎｰﾂｸ,17246,四,常呂,ところ,"",6,144,2,3,10,2,#昭52.10.21,－,－
ｵﾎｰﾂｸ,17306,四,遠軽,えんがる,"",3,143,32,80,6,2,#昭52.10.24,17910,－
ｵﾎｰﾂｸ,17316,四,佐呂間,さろま,"",1,143,45,54,10,2,#昭52.10.21,17915,－
ｵﾎｰﾂｸ,17341,官,網走,あばしり,"",1,144,16,38,15,－,#昭50.4.1,17917,－
ｵﾎｰﾂｸ,17351,四,宇登呂,うとろ,"",3,144,58,144,10,2,(昭50.5.12)昭53.10.26,17935,－
ｵﾎｰﾂｸ,17386,雨,丸瀬布,まるせっぷ,"",57,143,19,242,－,－,昭59.10.5,－,－
ｵﾎｰﾂｸ,17482,四,白滝,しらたき,"",51,143,9,475,10,2,(昭50.9.25)平5.1.27,17955,－
ｵﾎｰﾂｸ,17501,四,生田原,いくたはら,"",55,143,31,199,10,2,#昭52.10.25,－,－
ｵﾎｰﾂｸ,17512,雨,仁頃山,にころやま,"",51,143,44,261,－,－,平17.11.2,－,－
ｵﾎｰﾂｸ,17521,四,北見,きたみ,"",46,143,50,104,10,2,#昭51.4.1,17925,－
ｵﾎｰﾂｸ,17531,官,女満別,めまんべつ,"",52,144,9,33,8,－,平15.1.1,17965,日照を除く
ｵﾎｰﾂｸ,17541,雨,東藻琴,ひがしもこと,"",50,144,17,58,－,－,昭53.7.11,－,－
ｵﾎｰﾂｸ,17546,四,小清水,こしみず,"",50,144,29,52,10,1,#昭52.10.19,－,－
ｵﾎｰﾂｸ,17561,四,斜里,しゃり,"",53,144,42,15,10,2,#昭52.10.19,17940,－
ｵﾎｰﾂｸ,17596,四,留辺蘂,るべしべ,"",44,143,27,325,10,2,#昭53.11.1,17930,－
ｵﾎｰﾂｸ,17607,四,境野,さかいの,"",42,143,38,184,10,2,昭52.10.25,－,－
ｵﾎｰﾂｸ,17631,四,美幌,びほろ,"",46,144,10,60,10,1,#昭52.10.20,－,－
ｵﾎｰﾂｸ,17642,雨,山園,やまぞの,"",44,144,20,361,－,－,平22.3.18,－,－
ｵﾎｰﾂｸ,17686,雨,置戸常元,おけとつねもと,"",37,143,26,368,－,－,平17.11.8,－,－
ｵﾎｰﾂｸ,17717,四,津別,つべつ,"",42,144,2,100,10,2,昭63.10.4,17950,－
ｵﾎｰﾂｸ,17776,雨,津別二又,つべつふたまた,"",35,143,51,210,－,－,平17.11.4,－,－
釧路地方気象台管理,"","","","","","","","","","","","","",""
根室,18038,四,羅臼,らうす,"",1,145,11,15,9,1,平17.11.1,18925,－
根室,18091,雨,糸櫛別,いとくしべつ,"",43,144,59,115,－,－,昭53.7.28,－,－
根室,18136,四,標津,しべつ,"",39,145,7,3,8,2,#昭52.10.18,－,－
根室,18161,四,上標津,かみしべつ,"",31,144,44,181,6,2,平15.10.16,－,－
根室,18171,四,中標津,なかしべつ,"",32,144,58,50,6,1,#昭52.10.18,18910,－
根室,18174,官,根室中標津,ねむろなかしべつ,"",34,144,57,65,9,－,平15.1.1,18930,日照を除く
根室,18256,四,別海,べつかい,"",22,145,7,23,10,2,#昭52.10.14,18915,－
根室,18273,官,根室,ねむろ,"",19,145,35,25,29,－,平5.8.26,18917,－
根室,18281,四,納沙布,のさっぷ,"",23,145,45,12,6,1,(昭50.5.29)昭52.10.13,－,－
根室,18311,四,厚床,あっとこ,"",13,145,13,41,10,1,昭52.10.14,18920,－
釧路,19021,四,川湯,かわゆ,"",37,144,27,158,9,1,#昭52.10.6,19900,－
釧路,19051,四,弟子屈,てしかが,"",30,144,28,170,10,1,昭52.10.6,－,－
釧路,19076,四,阿寒湖畔,あかんこはん,"",26,144,5,450,9,1,#昭52.10.7,19910,－
釧路,19151,四,標茶,しべちゃ,"",17,144,35,20,10,1,#昭52.10.11,19915,－
釧路,19191,四,鶴居,つるい,"",13,144,19,38,6,1,昭52.10.5,19920,－
釧路,19261,四,中徹別,なかてしべつ,"",11,144,8,80,10,1,#昭52.10.7,19925,－
釧路,19281,雨,塘路,とうろ,"",8,144,29,25,－,－,昭58.8.2,－,－
釧路,19301,雨,茶内原野,ちゃないげんや,"",10,144,58,70,－,－,昭59.10.1,－,－
釧路,19311,四,榊町,さかきまち,"",7,145,6,2,9,1,昭52.10.12,－,－
釧路,19346,雨,阿寒,あかん,"",6,144,7,40,－,－,#,－,－
釧路,19347,官,鶴丘,つるおか,"",2,144,11,95,10,－,平15.1.1,19935,日照を除く
釧路,19376,四,太田,おおた,"",5,144,46,85,10,1,昭52.10.11,19930,－
釧路,19406,雨,二俣,ふたまた,"",58,143,52,45,－,－,昭51.6.29,－,－
釧路,19416,四,白糠,しらぬか,"",58,144,3,9,10,1,#昭52.10.5,19940,－
釧路,19432,官,釧路,くしろ,"",59,144,22,5,66,－,平12.10.5,19950,－
釧路,19451,四,知方学,ちっぽまない,"",56,144,44,149,6,1,昭53.10.27,－,－
十勝,20047,雨,三股,みつまた,"",30,143,8,660,－,－,平17.11.9,－,－
十勝,20071,雨,小利別,しょうとしべつ,"",35,143,40,313,－,－,昭58.8.2,－,－
十勝,20146,四,陸別,りくべつ,"",28,143,44,207,8,1,#昭52.10.21,20900,－
十勝,20186,四,ぬかびら源泉郷,ぬかびらげんせんきょう,"",22,143,11,540,8,1,昭51.4.1,20910,－
十勝,20202,雨,柏倉,かしわくら,"",21,143,27,378,－,－,昭58.8.2,－,－
十勝,20222,雨,上螺湾,かみらわん,"",19,143,48,232,－,－,昭58.10.5,－,－
十勝,20266,四,上士幌,かみしほろ,"",14,143,18,295,10,1,#昭52.10.20,20920,－
十勝,20276,四,足寄,あしょろ,"",14,143,33,90,10,1,#昭52.10.21,－,－
十勝,20331,雨,押帯,おしょっぷ,"",6,143,26,104,－,－,昭58.8.2,－,－
十勝,20341,四,本別,ほんべつ,"",7,143,36,67,8,1,#昭51.3.10,20935,－
十勝,20356,四,新得,しんとく,"",4,142,50,178,8,1,#昭52.10.24,20930,－
十勝,20361,四,鹿追,しかおい,"",6,142,59,206,8,1,#昭53.10.30,－,－
十勝,20371,四,駒場,こまば,"",3,143,11,112,10,1,昭52.10.20,－,－
十勝,20421,四,芽室,めむろ,"",54,143,2,90,10,1,#昭52.10.24,20940,－
十勝,20432,官,帯広,おびひろ,"",55,143,12,38,－,－,平10.1.28,20943,気温、雨
十勝,20432,官,帯広,おびひろ,"",54,143,13,45,11,－,平10.1.28,－,風、日照
十勝,20441,四,池田,いけだ,"",55,143,27,42,10,1,#昭52.10.26,－,－
十勝,20451,雨,留真,るしん,"",55,143,39,40,－,－,昭59.10.1,－,－
十勝,20506,四,浦幌,うらほろ,"",48,143,39,20,8,1,#昭52.10.27,20945,－
十勝,20551,官,帯広泉,おびひろいずみ,"",44,143,13,149,9,－,平15.1.1,20955,日照を除く
十勝,20556,四,糠内,ぬかない,"",47,143,19,70,10,1,昭53.10.30,－,－
十勝,20601,四,上札内,かみさつない,"",38,143,5,251,10,1,昭52.10.25,20950,－
十勝,20606,四,更別,さらべつ,"",39,143,11,185,10,1,昭52.10.25,－,－
十勝,20631,四,大津,おおつ,"",41,143,38,4,10,1,昭52.10.27,－,－
十勝,20696,四,大樹,たいき,"",30,143,16,87,10,1,#昭52.10.26,20960,－
十勝,20751,官,広尾,ひろお,"",17,143,19,32,19,－,#昭50.12.19,20965,－
室蘭地方気象台管理,"","","","","","","","","","","","","",""
胆振,21031,雨,安平,あびら,"",48,141,49,32,－,－,#,21900,－
胆振,21111,四,厚真,あつま,"",43,141,53,20,10,1,#昭52.10.5,－,－
胆振,21126,四,穂別,ほべつ,"",45,142,8,56,10,1,#昭52.10.5,21905,－
胆振,21161,四,大滝,おおたき,"",40,141,4,390,10,2,(昭50.6.3)昭52.10.7,21910,－
胆振,21171,四,森野,もりの,"",37,141,14,170,10,1,#昭52.10.27,－,－
胆振,21187,官,苫小牧,とまこまい,"",37,141,32,6,20,－,昭63.6.25,21913,－
胆振,21226,四,大岸,おおきし,"",35,140,38,4,10,1,#昭52.10.11,21915,－
胆振,21237,雨,洞爺湖温泉,とうやこおんせん,"",33,140,48,85,－,－,昭53.12.8,－,－
胆振,21251,雨,カルルス,かるるす,"",31,141,6,300,－,－,昭60.7.31,－,－
胆振,21261,四,白老,しらおい,"",32,141,21,6,6,1,#昭52.10.6,21920,－
胆振,21276,四,鵡川,むかわ,"",35,141,56,10,6,1,#昭53.10.26,－,－
胆振,21297,四,伊達,だて,"",28,140,50,3,10,1,#昭52.10.11,－,－
胆振,21312,四,登別,のぼりべつ,"",27,141,7,197,10,1,#昭58.8.10,21925,－
胆振,21323,官,室蘭,むろらん,"",18,140,58,40,18,－,#昭60.7.1,21930,－
日高,22036,四,日高,ひだか,"",52,142,26,280,10,1,昭52.10.19,22900,－
日高,22072,雨,仁世宇,にせう,"",46,142,21,150,－,－,昭60.9.25,－,－
日高,22106,雨,旭,あさひ,"",37,142,23,245,－,－,昭60.9.26,22906,－
日高,22141,四,日高門別,ひだかもんべつ,"",29,142,3,47,10,1,#昭51.3.11,－,－
日高,22156,四,新和,しんわ,"",32,142,20,60,10,1,#昭52.10.18,－,－
日高,22206,雨,笹山,ささやま,"",26,142,28,110,－,－,昭62.10.6,－,－
日高,22241,四,静内,しずない,"",20,142,21,10,9,1,#昭52.10.17,22920,－
日高,22291,四,三石,みついし,"",14,142,39,10,10,1,昭52.10.17,－,－
日高,22306,四,中杵臼,なかきねうす,"",13,142,56,80,10,1,昭53.10.31,22910,－
日高,22327,官,浦河,うらかわ,"",9,142,46,37,17,－,#昭58.3.1,22913,－
日高,22356,雨,目黒,めぐろ,"",7,143,18,17,－,－,昭53.8.30,22915,－
日高,22366,雨,幌満,ほろまん,"",4,143,2,0,－,－,昭53.7.14,－,－
日高,22391,四,えりも岬,えりもみさき,"",55,143,14,63,8,1,昭53.12.27,－,－
函館地方気象台管理,"","","","","","","","","","","","","",""
渡島,23031,四,長万部,おしゃまんべ,"",31,140,22,10,10,1,#昭52.10.12,23900,－
渡島,23086,四,八雲,やくも,"",15,140,16,8,9,1,#昭52.10.12,23905,－
渡島,23166,四,森,もり,"",4,140,35,125,8,1,平14.3.1,23925,－
渡島,23191,雨,大沼,おおぬま,"",58,140,42,165,－,－,#,23910,－
渡島,23206,四,川汲,かっくみ,"",54,140,58,25,10,1,#昭52.10.13,－,－
渡島,23226,四,北斗,ほくと,"",53,140,39,25,10,1,#昭52.10.13,－,－
渡島,23232,官,函館,はこだて,"",49,140,45,35,25,－,平4.7.23,23915,－
渡島,23281,官,高松,たかまつ,"",46,140,49,34,10,－,平15.1.1,23930,日照を除く
渡島,23291,雨,戸井泊,といとまり,"",43,141,0,20,－,－,平15.3.20,－,－
渡島,23321,雨,知内,しりうち,"",35,140,22,24,－,－,平16.10.1,－,－
渡島,23326,四,木古内,きこない,"",41,140,26,6,10,1,(昭50.4.18)昭52.10.14,－,－
渡島,23356,雨,千軒,せんげん,"",33,140,16,100,－,－,昭53.7.19,23920,－
渡島,23376,四,松前,まつまえ,"",25,140,5,30,10,1,#昭52.10.14,－,－
渡島,24141,四,熊石,くまいし,"",7,139,59,12,10,1,#昭52.10.18,24905,－
檜山,24041,四,せたな,せたな,"",27,139,51,10,10,1,#昭52.10.19,－,－
檜山,24051,四,今金,いまかね,"",25,140,0,19,10,1,#昭52.10.19,24900,－
檜山,24101,四,奥尻,おくしり,"",14,139,33,5,6,1,平12.1.28,－,－
檜山,24156,官,米岡,よねおか,"",4,139,25,49,10,－,平15.1.1,－,日照を除く
檜山,24166,雨,潮見,しおみ,"",2,140,5,50,－,－,#,－,－
檜山,24201,四,鶉,うずら,"",55,140,18,53,10,1,昭52.10.18,24910,－
檜山,24217,官,江差,えさし,"",52,140,7,4,19,－,昭54.8.30,24915,－
檜山,24236,雨,石崎,いしざき,"",42,140,1,5,－,－,昭52.10.20,－,－
青森地方気象台管理,"","","","","","","","","","","","","",""
青森,31001,四,大間,おおま,"",31,140,54,14,10,2,(昭50.5.24)昭51.11.24,31900,－
青森,31036,雨,湯野川,ゆのかわ,"",18,140,57,162,－,－,平17.10.21,－,－
青森,31111,官,むつ,むつ,"",17,141,12,3,11,－,#昭50.12.10,31903,－
青森,31121,四,小田野沢,おだのさわ,"",14,141,23,6,10,1,昭51.11.22,－,－
青森,31136,四,今別,いまべつ,"",10,140,28,30,10,1,(昭50.5.21)昭51.11.16,31905,－
青森,31156,四,脇野沢,わきのさわ,"",8,140,49,15,10,1,昭51.11.25,31940,－
青森,31186,四,市浦,しうら,"",3,140,20,20,10,2,昭51.11.18,－,－
青森,31201,四,蟹田,かにた,"",2,140,38,5,8,1,#昭51.11.17,－,－
青森,31296,四,五所川原,ごしょがわら,"",48,140,27,9,10,2,#昭51.11.19,31910,－
青森,31312,官,青森,あおもり,"",49,140,46,3,31,－,平元.12.1,31913,－
青森,31321,雨,大和山,やまとやま,"",50,140,59,137,－,－,昭50.5.24,－,－
青森,31332,四,野辺地,のへじ,"",53,141,9,14,10,2,平20.11.21,31916,－
青森,31336,四,六ケ所,ろっかしょ,"",53,141,16,80,8,2,昭57.9.22,－,－
青森,31366,四,鰺ケ沢,あじがさわ,"",46,140,12,40,10,2,#昭51.11.22,31945,－
青森,31386,官,青森大谷,あおもりおおたに,"",44,140,41,198,10,－,平15.1.1,－,日照を除く
青森,31411,雨,七戸,しちのへ,"",42,141,7,57,－,－,昭52.9.22,－,－
青森,31436,官,深浦,ふかうら,"",38,139,55,66,22,－,#昭50.3.22,31923,－
青森,31451,雨,岳,だけ,"",37,140,15,438,－,－,昭51.7.26,－,－
青森,31461,四,弘前,ひろさき,"",36,140,27,30,10,1,#昭51.3.5,31920,－
青森,31466,四,黒石,くろいし,"",40,140,35,30,10,2,#昭51.11.22,－,－
青森,31482,四,酸ケ湯,すかゆ,"",38,140,50,890,10,6,(昭50.11.27)昭51.11.15,31925,－
青森,31506,四,三沢,みさわ,"",40,141,22,39,8,1,#昭51.11.15,－,－
青森,31551,雨,大鰐,おおわに,"",31,140,33,63,－,－,平22.12.6,－,－
青森,31562,雨,温川,ぬるかわ,"",30,140,47,404,－,－,昭58.9.13,－,－
青森,31586,四,十和田,とわだ,"",35,141,14,42,10,1,#昭51.11.16,31950,－
青森,31602,官,八戸,はちのへ,"",31,141,31,27,－,－,平19.3.29,31953,気温、雨、日照
青森,31602,官,八戸,はちのへ,"",31,141,31,26,27,－,平19.3.29,－,風
青森,31646,四,碇ケ関,いかりがせき,"",28,140,37,135,10,2,#昭51.11.24,31935,－
青森,31662,四,休屋,やすみや,"",25,140,53,414,10,2,昭57.10.15,－,－
青森,31671,雨,戸来,へらい,"",28,141,10,125,－,－,昭53.8.21,－,－
青森,31721,四,三戸,さんのへ,"",23,141,15,60,10,1,#昭51.11.28,31955,－
秋田地方気象台管理,"","","","","","","","","","","","","",""
秋田,32056,四,八森,はちもり,"",24,139,56,34,10,2,(昭50.5.24)昭51.11.27,－,－
秋田,32071,雨,藤里,ふじさと,"",19,140,17,68,－,－,昭53.8.22,－,－
秋田,32091,雨,陣場,じんば,"",24,140,36,176,－,－,#,－,－
秋田,32096,雨,藤原,ふじわら,"",21,140,46,280,－,－,昭58.9.21,－,－
秋田,32111,四,能代,のしろ,"",11,140,1,6,19,2,#昭51.11.30,32900,－
秋田,32126,四,鷹巣,たかのす,"",13,140,22,29,10,2,#昭51.4.1,32905,－
秋田,32136,四,大館,おおだて,"",15,140,30,49,10,2,#昭51.11.25,－,－
秋田,32146,四,鹿角,かづの,"",12,140,47,123,10,2,#昭51.11.26,32910,－
秋田,32181,官,脇神,わきがみ,"",11,140,22,84,9,－,平15.1.1,－,日照を除く
秋田,32206,四,湯瀬,ゆぜ,"",7,140,50,214,10,2,#昭51.11.27,－,－
秋田,32266,四,八幡平,はちまんたい,"",0,140,48,578,10,3,昭53.11.7,－,－
秋田,32276,雨,男鹿真山,おがしんざん,"",56,139,46,84,－,－,昭60.6.11,－,－
秋田,32286,四,男鹿,おが,"",54,139,54,20,6,1,(昭50.5.23)昭51.11.24,－,－
秋田,32287,四,大潟,おおがた,"",0,139,57,-3,10,1,(昭50.5.23)昭51.11.25,－,－
秋田,32296,四,五城目,ごじょうめ,"",56,140,6,6,6,2,#昭51.11.26,32915,－
秋田,32311,四,阿仁合,あにあい,"",59,140,24,120,6,3,昭51.12.7,32920,－
秋田,32312,雨,比立内,ひたちない,"",54,140,27,210,－,－,昭51.9.28,－,－
秋田,32376,雨,桧木内,ひのきない,"",48,140,35,255,－,－,昭53.10.12,－,－
秋田,32402,官,秋田,あきた,"",43,140,5,6,40,－,平元.10.30,32927,－
秋田,32407,四,岩見三内,いわみさんない,"",42,140,17,41,10,2,#昭51.11.25,－,－
秋田,32408,雨,仁別,にべつ,"",48,140,13,179,－,－,昭60.6.14,－,－
秋田,32426,雨,鎧畑,よろいばた,"",46,140,39,281,－,－,昭52.7.5,－,－
秋田,32431,雨,田沢湖高原,たざわここうげん,"",46,140,45,652,－,－,平26.8.29,－,－
秋田,32451,官,雄和,ゆうわ,"",36,140,13,91,10,－,平15.1.1,－,日照を除く
秋田,32466,四,角館,かくのだて,"",36,140,33,56,10,2,#昭51.11.18,32930,－
秋田,32476,四,田沢湖,たざわこ,"",41,140,43,230,6,2,#昭51.11.19,－,－
秋田,32496,四,大正寺,だいしょうじ,"",31,140,14,20,6,2,(昭50.5.27)昭51.11.20,32935,－
秋田,32551,四,大曲,おおまがり,"",29,140,29,30,10,2,#昭51.11.17,－,－
秋田,32571,四,本荘,ほんじょう,"",21,140,3,11,6,1,#昭51.11.20,32940,－
秋田,32581,四,東由利,ひがしゆり,"",18,140,17,117,10,2,昭51.11.17,－,－
秋田,32596,四,横手,よこて,"",19,140,33,59,10,2,#昭51.4.1,32945,－
秋田,32616,四,にかほ,にかほ,"",15,139,54,7,10,1,#昭51.11.19,－,－
秋田,32626,四,矢島,やしま,"",14,140,8,46,10,2,#昭51.11.18,32950,－
秋田,32681,雨,笹子,じねご,"",6,140,17,200,－,－,昭58.9.14,－,－
秋田,32691,四,湯沢,ゆざわ,"",11,140,27,74,10,2,#昭51.11.16,32960,－
秋田,32701,雨,東成瀬,ひがしなるせ,"",10,140,38,191,－,－,昭51.7.27,－,－
秋田,32771,四,湯の岱,ゆのたい,"",57,140,31,335,6,3,#昭51.11.15,32955,－
盛岡地方気象台管理,"","","","","","","","","","","","","",""
岩手,33006,四,種市,たねいち,"",24,141,42,70,6,2,#昭51.11.20,－,－
岩手,33026,四,軽米,かるまい,"",19,141,28,153,10,2,#昭51.11.21,－,－
岩手,33071,四,二戸,にのへ,"",17,141,17,87,6,2,#昭51.11.22,33905,－
岩手,33086,雨,大野,おおの,"",16,141,40,200,－,－,昭50.5.23,－,－
岩手,33136,四,山形,やまがた,"",8,141,34,290,10,2,昭52.10.31,－,－
岩手,33146,四,久慈,くじ,"",10,141,44,13,10,2,#昭51.11.19,33960,－
岩手,33166,四,荒屋,あらや,"",6,141,3,290,10,2,昭51.12.14,－,－
岩手,33176,四,奥中山,おくなかやま,"",3,141,13,430,10,2,昭52.10.27,33915,－
岩手,33186,四,葛巻,くずまき,"",2,141,27,418,10,2,#昭51.12.13,33920,－
岩手,33201,雨,下戸鎖,しもとくさり,"",5,141,42,239,－,－,昭53.12.21,－,－
岩手,33206,四,普代,ふだい,"",0,141,53,8,9,2,昭51.11.22,－,－
岩手,33226,四,岩手松尾,いわてまつお,"",57,141,3,275,10,2,#昭51.12.1,33910,－
岩手,33231,雨,一方井,いっかたい,"",58,141,10,285,－,－,平26.9.3,－,－
岩手,33296,四,好摩,こうま,"",52,141,10,205,10,2,(昭50.5.22)昭51.12.14,－,－
岩手,33326,四,岩泉,いわいずみ,"",50,141,47,105,10,2,#昭51.11.24,33965,－
岩手,33336,四,小本,おもと,"",50,141,57,3,10,2,昭52.10.26,－,－
岩手,33351,雨,葛根田,かっこんだ,"",46,140,56,350,－,－,昭52.7.5,－,－
岩手,33361,雨,滝沢,たきざわ,"",46,141,5,210,－,－,平17.10.21,－,－
岩手,33371,四,薮川,やぶかわ,"",47,141,19,680,10,2,(昭50.11.13)昭51.11.25,－,－
岩手,33421,四,雫石,しずくいし,"",41,140,58,195,8,2,#昭51.11.26,33925,－
岩手,33431,官,盛岡,もりおか,"",41,141,9,155,15,－,#昭50.4.1,33927,－
岩手,33441,四,区界,くざかい,"",39,141,21,760,10,2,平5.10.7,33955,－
岩手,33461,雨,刈屋,かりや,"",38,141,46,140,－,－,平23.6.14,－,臨時観測所
岩手,33472,官,宮古,みやこ,"",38,141,57,43,20,－,平2.10.18,33933,－
岩手,33501,四,紫波,しわ,"",32,141,7,125,10,2,昭52.1.1,－,－
岩手,33526,四,川井,かわい,"",35,141,40,192,6,2,昭52.12.2,－,－
岩手,33561,四,沢内,さわうち,"",28,140,47,327,10,3,昭51.11.17,－,－
岩手,33566,雨,豊沢,とよさわ,"",28,140,58,300,－,－,昭58.11.16,－,－
岩手,33576,官,花巻,はなまき,"",25,141,8,90,10,－,平15.1.1,－,日照を除く
岩手,33581,四,大迫,おおはさま,"",28,141,16,150,10,2,#昭51.11.18,－,－
岩手,33596,雨,附馬牛,つきもうし,"",27,141,30,440,－,－,平17.10.20,－,－
岩手,33611,雨,大槌,おおつち,"",26,141,48,120,－,－,平12.11.17,－,－
岩手,33616,四,山田,やまだ,"",27,141,57,24,6,2,(昭50.5.22)昭51.11.19,－,－
岩手,33631,四,湯田,ゆだ,"",18,140,46,250,10,3,#昭51.2.26,33935,－
岩手,33671,四,遠野,とおの,"",20,141,32,275,10,2,#昭51.11.22,33930,－
岩手,33686,三,新町,しんちょう,"",21,141,54,2,5,－,平23.6.14,－,臨時観測所
岩手,33711,雨,金ヶ崎,かねがさき,"",13,141,0,170,－,－,平17.10.19,－,－
岩手,33716,四,北上,きたかみ,"",17,141,6,61,6,2,#昭51.12.4,33940,－
岩手,33726,雨,米里,よねさと,"",14,141,18,170,－,－,昭51.9.9,－,－
岩手,33751,四,釜石,かまいし,"",16,141,52,5,10,2,#昭51.11.20,－,－
岩手,33776,四,若柳,わかやなぎ,"",8,141,3,97,10,2,#昭51.11.26,－,－
岩手,33781,四,江刺,えさし,"",11,141,9,42,10,2,#昭51.11.25,－,－
岩手,33801,四,住田,すみた,"",8,141,34,80,10,2,昭52.10.20,－,－
岩手,33831,雨,祭畤,まつるべ,"",0,140,51,350,－,－,昭50.5.21,33945,－
岩手,33841,雨,衣川,ころもがわ,"",3,141,2,75,－,－,昭50.5.25,－,－
岩手,33856,雨,大東,だいとう,"",2,141,17,140,－,－,平17.10.18,－,－
岩手,33871,三,陸前高田,りくぜんたかた,"",1,141,37,61,5,－,平23.6.14,－,臨時観測所
岩手,33877,官,大船渡,おおふなと,"",3,141,42,37,22,－,#平2.3.15,33947,－
岩手,33911,四,一関,いちのせき,"",56,141,7,32,10,2,#昭51.2.15,33950,－
岩手,33921,四,千厩,せんまや,"",55,141,19,120,10,2,#昭51.11.27,－,－
仙台管区気象台管理,"","","","","","","","","","","","","",""
宮城,34012,四,駒ノ湯,こまのゆ,"",54,140,49,525,6,2,昭51.11.29,34906,－
宮城,34026,四,気仙沼,けせんぬま,"",54,141,33,62,10,1,#昭51.12.2,－,－
宮城,34056,雨,鴬沢,うぐいすざわ,"",48,140,56,33,－,－,平13.9.27,－,－
宮城,34096,四,川渡,かわたび,"",44,140,45,170,10,2,昭51.12.4,34900,－
宮城,34111,四,築館,つきだて,"",44,141,0,25,6,2,#昭51.2.23,－,－
宮城,34171,四,米山,よねやま,"",37,141,11,5,6,2,(昭50.5.21)昭51.11.30,－,－
宮城,34186,四,志津川,しづがわ,"",40,141,26,39,10,2,#昭51.12.1,－,－
宮城,34206,雨,加美,かみ,"",34,140,43,195,－,－,平17.10.21,－,－
宮城,34216,四,古川,ふるかわ,"",35,140,54,28,6,1,#昭51.12.3,34910,－
宮城,34231,三,桃生,ものう,"",33,141,14,5,5,－,平23.6.14,－,臨時観測所
宮城,34241,雨,雄勝,おがつ,"",31,141,28,5,－,－,昭50.5.13,－,－
宮城,34262,雨,泉ケ岳,いずみがだけ,"",24,140,43,630,－,－,平17.10.26,－,－
宮城,34266,四,大衡,おおひら,"",28,140,53,57,10,1,#昭51.12.3,－,－
宮城,34276,四,鹿島台,かしまだい,"",27,141,5,3,10,2,#昭51.12.1,－,－
宮城,34286,三,東松島,ひがしまつしま,"",25,141,12,4,5,－,平23.6.14,－,臨時観測所
宮城,34292,官,石巻,いしのまき,"",25,141,17,43,28,－,平2.1.25,34913,－
宮城,34296,三,女川,おながわ,"",27,141,26,35,5,1,平23.5.13,－,臨時観測所
宮城,34311,四,新川,にっかわ,"",18,140,38,265,10,2,#昭51.11.30,34915,－
宮城,34331,四,塩釜,しおがま,"",20,141,0,105,10,1,(昭50.5.21)昭51.11.30,－,－
宮城,34361,四,江ノ島,えのしま,"",23,141,35,40,10,1,昭53.11.21,－,－
宮城,34392,官,仙台,せんだい,"",15,140,53,39,52,－,#昭57.3.1,34917,－
宮城,34431,雨,岩沼,いわぬま,"",6,140,52,4,－,－,平23.6.14,－,臨時観測所
宮城,34436,官,名取,なとり,"",8,140,55,2,9,－,平15.1.1,－,日照を除く
宮城,34461,四,白石,しろいし,"",0,140,36,86,10,2,#昭51.11.25,34920,－
宮城,34462,四,蔵王,ざおう,"",7,140,40,112,6,2,平17.10.27,－,－
宮城,34471,四,亘理,わたり,"",1,140,51,4,10,1,#昭51.11.29,－,－
宮城,34506,四,丸森,まるもり,"",55,140,46,18,10,1,昭52.11.4,－,－
宮城,34526,雨,筆甫,ひっぽ,"",49,140,43,305,－,－,昭53.11.10,－,－
山形地方気象台管理,"","","","","","","","","","","","","",""
山形,35002,四,飛島,とびしま,"",11,139,32,58,20,1,昭62.11.10,－,－
山形,35052,官,酒田,さかた,"",54,139,50,3,26,－,#昭59.2.9,35955,－
山形,35061,雨,上草津,かみくさつ,"",59,140,1,178,－,－,昭50.5.23,－,－
山形,35071,四,差首鍋,さすなべ,"",55,140,12,88,9,3,#昭51.11.30,－,－
山形,35086,官,浜中,はまなか,"",48,139,47,22,10,－,平15.1.1,－,日照を除く
山形,35116,四,金山,かねやま,"",52,140,19,170,10,1,#昭51.11.29,35900,－
山形,35141,四,鶴岡,つるおか,"",44,139,49,16,6,1,#昭51.12.2,－,－
山形,35146,四,狩川,かりかわ,"",48,139,58,17,10,3,#昭51.12.2,35905,－
山形,35162,官,新庄,しんじょう,"",45,140,18,105,31,－,#昭60.11.1,35907,－
山形,35171,雨,瀬見,せみ,"",45,140,24,150,－,－,#,－,－
山形,35176,四,向町,むかいまち,"",45,140,31,212,10,3,(昭49.12.18)昭51.11.26,35950,－
山形,35201,雨,櫛引,くしびき,"",40,139,50,33,－,－,#,35910,－
山形,35216,四,肘折,ひじおり,"",36,140,9,330,8,1,昭51.11.27,35920,－
山形,35231,四,尾花沢,おばなざわ,"",36,140,24,106,9,2,(昭50.5.23)昭51.3.8,35915,－
山形,35246,四,鼠ケ関,ねずがせき,"",34,139,33,18,10,2,(昭50.5.23)昭51.12.3,－,－
山形,35256,雨,荒沢,あらさわ,"",30,139,46,273,－,－,昭54.4.11,－,－
山形,35332,四,村山,むらやま,"",27,140,20,80,6,1,平14.6.4,－,－
山形,35334,官,東根,ひがしね,"",24,140,22,105,8,－,平15.1.1,－,日照を除く
山形,35361,四,大井沢,おおいさわ,"",23,139,59,440,10,1,昭53.12.20,35925,－
山形,35376,四,左沢,あてらざわ,"",22,140,11,133,6,2,#昭51.12.3,35945,－
山形,35426,官,山形,やまがた,"",15,140,20,153,14,－,#昭50.3.17,35927,－
山形,35456,四,長井,ながい,"",6,140,0,210,9,3,#昭51.12.10,35930,－
山形,35466,雨,上山中山,かみのやまなかやま,"",7,140,12,270,－,－,平17.10.25,－,－
山形,35486,四,小国,おぐに,"",4,139,44,140,10,4,#昭51.12.8,35935,－
山形,35511,四,高畠,たかはた,"",0,140,12,220,10,1,昭51.12.9,－,－
山形,35537,雨,中津川,なかつがわ,"",54,139,50,390,－,－,昭56.7.1,－,－
山形,35541,四,高峰,たかみね,"",59,139,57,250,10,1,#昭51.11.22,－,－
山形,35552,四,米沢,よねざわ,"",54,140,8,245,9,1,平17.12.1,35940,－
福島地方気象台管理,"","","","","","","","","","","","","",""
福島,36056,四,茂庭,もにわ,"",53,140,26,200,6,3,平4.10.23,36950,－
福島,36066,四,梁川,やながわ,"",51,140,35,43,9,1,#昭51.12.6,－,－
福島,36081,三,新地,しんち,"",52,140,55,10,5,－,平23.6.14,－,臨時観測所
福島,36106,四,桧原,ひばら,"",43,140,3,824,9,4,昭53.10.26,－,－
福島,36126,官,福島,ふくしま,"",45,140,28,67,26,－,#昭50.3.13,36955,－
福島,36151,四,相馬,そうま,"",47,140,55,9,6,1,#昭51.12.7,－,－
福島,36176,四,喜多方,きたかた,"",39,139,51,212,10,3,#昭51.12.13,－,－
福島,36196,四,鷲倉,わしくら,"",40,140,15,1220,6,3,昭51.11.16,－,－
福島,36221,四,飯舘,いいたて,"",39,140,43,460,5,1,昭51.12.4,－,－
福島,36231,雨,原町,はらまち,"",38,140,59,17,－,－,#,－,－
福島,36251,四,西会津,にしあいづ,"",35,139,39,165,10,3,(昭50.5.21)昭51.11.24,36905,－
福島,36276,四,猪苗代,いなわしろ,"",33,140,6,519,10,3,#昭51.11.30,36910,－
福島,36291,四,二本松,にほんまつ,"",35,140,25,235,10,1,#昭51.12.3,－,－
福島,36307,雨,津島,つしま,"",33,140,45,400,－,－,昭52.3.23,－,－
福島,36342,四,金山,かねやま,"",28,139,31,296,10,4,平19.12.19,36921,－
福島,36361,官,若松,わかまつ,"",29,139,54,212,19,－,#昭50.3.17,36923,－
福島,36391,四,船引,ふねひき,"",26,140,34,421,6,1,#昭51.12.2,－,－
福島,36411,四,浪江,なみえ,"",29,140,57,47,10,1,#昭51.12.8,－,－
福島,36426,四,只見,ただみ,"",20,139,18,377,10,4,昭51.7.20,36915,－
福島,36461,雨,湖南,こなん,"",23,140,5,536,－,－,昭57.6.18,－,－
福島,36476,四,郡山,こおりやま,"",22,140,19,249,6,1,#昭51.3.12,－,－
福島,36501,四,川内,かわうち,"",20,140,48,410,10,1,昭51.11.30,－,－
福島,36511,雨,富岡,とみおか,"",20,141,1,50,－,－,#,－,－
福島,36536,四,南郷,なんごう,"",15,139,32,494,8,4,#昭51.11.19,36925,－
福島,36562,四,湯本,ゆもと,"",16,140,3,640,9,2,昭63.10.5,36945,－
福島,36571,雨,長沼,ながぬま,"",17,140,13,317,－,－,昭53.8.8,－,－
福島,36581,官,玉川,たまかわ,"",13,140,25,372,10,－,平15.1.1,－,日照を除く
福島,36591,四,小野新町,おのにいまち,"",17,140,37,433,10,1,#昭51.12.1,－,－
福島,36597,雨,川前,かわまえ,"",14,140,43,492,－,－,平26.12.3,－,－
福島,36611,四,広野,ひろの,"",14,141,0,43,10,1,(昭50.5.22)昭51.12.13,－,－
福島,36641,四,田島,たじま,"",12,139,47,544,10,3,#昭51.11.18,36935,－
福島,36667,官,白河,しらかわ,"",7,140,12,355,45,－,平6.1.28,36937,－
福島,36676,四,石川,いしかわ,"",8,140,27,290,10,1,#昭51.11.26,－,－
福島,36716,四,桧枝岐,ひのえまた,"",0,139,22,973,10,4,昭53.10.31,36940,－
福島,36726,雨,舘岩,たていわ,"",5,139,31,690,－,－,昭53.8.9,－,－
福島,36766,三,古殿,ふるどの,"",5,140,33,347,5,－,平23.6.14,－,臨時観測所
福島,36781,雨,平,たいら,"",3,140,52,12,－,－,#,－,－
福島,36821,四,東白川,ひがししらかわ,"",56,140,24,183,6,1,#昭51.11.25,－,－
福島,36836,四,山田,やまだ,"",56,140,44,25,10,1,平21.3.6,－,－
福島,36846,官,小名浜,おなはま,"",57,140,53,5,19,－,#昭50.3.17,－,－
水戸地方気象台管理,"","","","","","","","","","","","","",""
茨城,40041,雨,花園,はなぞの,"",52,140,38,370,－,－,#,－,－
茨城,40046,四,北茨城,きたいばらき,"",50,140,46,5,10,1,#昭53.1.18,－,－
茨城,40061,四,大子,だいご,"",46,140,20,120,10,1,#昭53.1.13,－,－
茨城,40066,雨,徳田,とくだ,"",46,140,28,270,－,－,昭52.7.15,－,－
茨城,40076,雨,大能,おおのう,"",44,140,35,395,－,－,昭60.6.5,－,－
茨城,40081,三,高萩,たかはぎ,"",42,140,43,4,5,－,平23.6.14,－,臨時観測所
茨城,40091,四,常陸大宮,ひたちおおみや,"",36,140,19,95,6,1,昭53.12.20,－,－
茨城,40126,雨,中野,なかの,"",30,140,28,17,－,－,昭52.7.13,－,－
茨城,40136,四,日立,ひたち,"",34,140,38,34,10,1,(昭50.5.20)昭53.1.18,－,－
茨城,40181,雨,門井,かどい,"",20,140,2,40,－,－,昭57.6.23,－,－
茨城,40191,四,笠間,かさま,"",23,140,14,72,10,1,#昭53.1.31,－,－
茨城,40201,官,水戸,みと,"",22,140,28,29,14,－,#昭50.3.3,40900,－
茨城,40221,四,古河,こが,"",12,139,43,20,10,1,#昭53.1.11,－,－
茨城,40231,四,下館,しもだて,"",16,139,59,24,6,1,平13.12.10,－,－
茨城,40241,雨,柿岡,かきおか,"",14,140,11,27,－,－,昭50.5.20,－,－
茨城,40251,雨,美野里,みのり,"",14,140,19,25,－,－,昭50.5.20,－,－
茨城,40281,四,下妻,しもつま,"",10,139,56,20,10,1,#昭53.1.11,－,－
茨城,40282,三,常総,じょうそう,"",6,139,58,15,5,－,平27.9.18,－,臨時観測所
茨城,40311,四,鉾田,ほこた,"",10,140,31,32,10,1,昭53.1.31,－,－
茨城,40326,雨,坂東,ばんどう,"",2,139,53,16,－,－,#,－,－
茨城,40336,官,つくば,つくば,"",3,140,7,25,20,－,平2.3.9,40905,－
茨城,40341,四,土浦,つちうら,"",6,140,13,26,10,1,#昭53.1.12,－,－
茨城,40391,雨,江戸崎,えどさき,"",57,140,19,25,－,－,昭50.3.28,－,－
茨城,40406,四,鹿嶋,かしま,"",57,140,37,37,10,1,#昭53.1.17,－,－
茨城,40426,四,龍ケ崎,りゅうがさき,"",53,140,12,4,9,1,(昭50.5.20)昭53.12.19,－,－
宇都宮地方気象台管理,"","","","","","","","","","","","","",""
栃木,41011,四,那須高原,なすこうげん,"",7,140,2,749,6,1,#昭52.11.9,41900,－
栃木,41076,四,五十里,いかり,"",55,139,41,620,10,1,(昭50.5.20)昭52.11.10,－,－
栃木,41091,四,黒磯,くろいそ,"",58,140,1,343,10,1,#昭52.12.26,－,－
栃木,41116,四,土呂部,どろぶ,"",53,139,34,925,10,1,昭52.11.10,41905,－
栃木,41141,四,大田原,おおたわら,"",50,140,2,188,10,1,#昭51.2.20,－,－
栃木,41166,官,奥日光,おくにっこう,"",44,139,30,1292,11,－,#昭50.11.27,41910,－
栃木,41171,四,今市,いまいち,"",43,139,40,414,10,1,昭53.12.21,－,－
栃木,41181,四,塩谷,しおや,"",45,139,53,225,10,1,昭53.12.21,－,－
栃木,41211,雨,足尾,あしお,"",38,139,26,650,－,－,昭50.5.20,－,－
栃木,41241,雨,高根沢,たかねざわ,"",36,139,59,148,－,－,#,－,－
栃木,41247,四,那須烏山,なすからすやま,"",38,140,7,82,10,1,平21.2.24,－,－
栃木,41271,四,鹿沼,かぬま,"",35,139,44,165,10,1,#昭53.1.9,－,－
栃木,41277,官,宇都宮,うつのみや,"",32,139,52,119,49,－,平元.12.20,41915,－
栃木,41311,雨,葛生,くずう,"",25,139,35,120,－,－,#,－,－
栃木,41331,四,真岡,もおか,"",28,139,59,91,10,1,#昭53.1.10,－,－
栃木,41356,雨,足利,あしかが,"",18,139,28,28,－,－,#,－,－
栃木,41361,四,佐野,さの,"",21,139,34,68,10,1,(昭50.5.20)昭53.1.9,－,－
栃木,41371,雨,栃木,とちぎ,"",22,139,42,65,－,－,#,－,－
栃木,41376,四,小山,おやま,"",20,139,49,44,15,1,#昭53.1.10,－,－
前橋地方気象台管理,"","","","","","","","","","","","","",""
群馬,42046,四,藤原,ふじわら,"",51,139,3,700,10,4,昭52.11.11,42900,－
群馬,42091,四,みなかみ,みなかみ,"",48,138,59,531,8,3,(昭50.5.20)昭52.12.23,42905,－
群馬,42106,雨,片品,かたしな,"",46,139,14,860,－,－,昭52.7.19,－,－
群馬,42121,四,草津,くさつ,"",37,138,35,1223,7,2,#昭52.12.23,42910,－
群馬,42146,四,沼田,ぬまた,"",40,139,1,390,10,1,#昭52.12.21,－,－
群馬,42186,四,中之条,なかのじょう,"",35,138,51,354,10,1,(昭50.5.20)昭52.12.21,－,－
群馬,42221,四,田代,たしろ,"",27,138,27,1230,10,2,#昭52.12.22,－,－
群馬,42241,雨,榛名山,はるなさん,"",28,138,52,1088,－,－,#,－,－
群馬,42251,官,前橋,まえばし,"",24,139,3,112,－,－,#昭50.2.27,42915,気温、雨
群馬,42251,官,前橋,まえばし,"",23,139,2,112,12,－,#昭50.2.27,－,風、日照
群馬,42261,雨,黒保根,くろほね,"",30,139,17,285,－,－,昭53.6.16,－,－
群馬,42266,四,桐生,きりゅう,"",24,139,19,117,10,1,#昭51.2.5,－,－
群馬,42286,四,上里見,かみさとみ,"",22,138,53,183,6,1,#昭52.12.19,－,－
群馬,42302,四,伊勢崎,いせさき,"",19,139,9,64,12,1,平10.7.27,－,－
群馬,42326,四,西野牧,にしのまき,"",14,138,42,375,10,1,#昭52.12.20,－,－
群馬,42341,雨,藤岡,ふじおか,"",14,139,4,95,－,－,#,－,－
群馬,42366,四,館林,たてばやし,"",14,139,31,21,18,1,#昭53.12.22,－,－
群馬,42396,四,神流,かんな,"",6,138,53,357,8,1,昭52.11.17,－,－
熊谷地方気象台管理,"","","","","","","","","","","","","",""
埼玉,43051,四,寄居,よりい,"",6,139,11,128,10,1,(昭50.5.17)昭52.12.19,－,－
埼玉,43056,官,熊谷,くまがや,"",9,139,22,30,16,－,#昭50.3.3,43905,－
埼玉,43091,雨,上吉田,かみよしだ,"",3,138,58,275,－,－,昭52.8.25,－,－
埼玉,43121,雨,鴻巣,こうのす,"",3,139,31,15,－,－,昭50.6.11,－,－
埼玉,43126,四,久喜,くき,"",5,139,38,12,10,1,#昭52.12.20,－,－
埼玉,43151,雨,三峰,みつみね,"",55,138,55,975,－,－,昭50.5.16,－,－
埼玉,43156,官,秩父,ちちぶ,"",59,139,4,232,17,－,#昭50.11.28,43900,－
埼玉,43157,雨,浦山,うらやま,"",55,139,4,400,－,－,昭52.6.28,－,－
埼玉,43162,雨,ときがわ,ときがわ,"",59,139,12,295,－,－,平12.4.28,－,－
埼玉,43171,四,鳩山,はとやま,"",59,139,20,44,6,1,昭52.12.22,－,－
埼玉,43231,雨,飯能,はんのう,"",50,139,19,84,－,－,#,－,－
埼玉,43241,四,さいたま,さいたま,"",52,139,35,8,10,1,#昭52.12.22,－,－
埼玉,43256,四,越谷,こしがや,"",53,139,45,3,10,1,#昭52.12.20,－,－
埼玉,43266,四,所沢,ところざわ,"",46,139,24,119,10,1,(昭50.6.11)昭52.12.21,－,－
東京管区気象台管理,"","","","","","","","","","","","","",""
東京,44046,四,小河内,おごうち,"",47,139,3,530,9,1,#昭51.12.15,－,－
東京,44051,雨,小沢,おざわ,"",44,139,7,420,－,－,昭52.8.2,－,－
東京,44056,四,青梅,おうめ,"",47,139,18,155,10,1,(昭50.5.16)昭51.12.14,－,－
東京,44071,四,練馬,ねりま,"",44,139,35,51,11,1,平24.12.26,－,－
東京,44112,四,八王子,はちおうじ,"",40,139,19,123,49,1,昭58.9.30,－,－
東京,44116,四,府中,ふちゅう,"",41,139,29,59,9,1,昭51.12.14,－,－
東京,44126,雨,世田谷,せたがや,"",37,139,37,35,－,－,#,－,－
東京,44132,官,東京,とうきょう,"",41.5,139,45,25,－,－,平19.11.1,44900,気温、雨
東京,44132,官,東京,とうきょう,"",41,139,45,20,35.3,－,平19.11.1,－,風、日照
東京,44136,四,江戸川臨海,えどがわりんかい,"",38,139,51,5,10,－,#昭51.12.13,－,－
東京,44166,官,羽田,はねだ,"",33,139,46,6,10,－,#平5.10.12,－,日照を除く
東京,44172,官,大島,おおしま,"",44,139,21,74,27,－,平3.12.18,－,－
東京,44173,官,大島北ノ山,おおしまきたのやま,"",46,139,21,38,9,－,平15.1.1,－,日照を除く
東京,44191,雨,利島,としま,"",31,139,16,100,－,－,平26.7.25,－,－
東京,44207,官,新島,にいじま,"",22,139,16,29,10,－,平15.1.1,－,日照を除く
東京,44216,官,神津島,こうづしま,"",11,139,8,138,10,－,平15.1.1,－,日照を除く
東京,44226,官,三宅島,みやけじま,"",7,139,31,38,13,－,#昭50.12.10,－,－
東京,44228,官,三宅坪田,みやけつぼた,"",4,139,33,20,6,－,平12.9.11,－,日照を除く
東京,44262,官,八重見ヶ原,やえみがはら,"",6,139,47,92,8,－,平15.1.1,－,日照を除く
東京,44263,官,八丈島,はちじょうじま,"",7,139,46,151,－,－,昭50.3.13,－,気温、雨
東京,44263,官,八丈島,はちじょうじま,"",6,139,47,74,18,－,昭50.3.13,－,風、日照
東京,44281,雨,青ヶ島,あおがしま,"",28,139,45,272,－,－,平26.7.31,－,－
東京,44301,官,父島,ちちじま,"",5,142,11,3,15,－,昭61.3.18,－,－
東京,44316,雨,母島,ははじま,"",38,142,9,32,－,－,平19.8.29,－,－
東京,44356,官,南鳥島,みなみとりしま,"",17,153,59,7,15,－,平22.6.1,－,－
静岡,50066,官,富士山,ふじさん,"",21,138,43,3775,－,－,平16.8.26,－,気温、日照
銚子地方気象台管理,"","","","","","","","","","","","","",""
千葉,45061,四,我孫子,あびこ,"",51,140,6,20,10,1,平22.3.11,－,－
千葉,45081,四,香取,かとり,"",51,140,30,37,7,1,平11.10.12,－,－
千葉,45086,雨,東庄,とうのしょう,"",47,140,40,52,－,－,#,－,－
千葉,45106,四,船橋,ふなばし,"",42,140,2,28,7,1,平11.8.3,－,－
千葉,45116,四,佐倉,さくら,"",43,140,12,5,10,1,(昭50.4.16)昭53.12.18,－,－
千葉,45121,官,成田,なりた,"",45,140,23,41,11,－,平15.1.1,－,日照を除く
千葉,45147,官,銚子,ちょうし,"",44,140,51,20,28,－,昭61.8.22,45900,－
千葉,45181,四,横芝光,よこしばひかり,"",39,140,28,6,10,1,(昭50.5.16)昭53.1.10,－,－
千葉,45212,官,千葉,ちば,"",36,140,6,3,47,－,昭56.3.30,45905,－
千葉,45261,四,茂原,もばら,"",25,140,18,9,10,1,#昭53.1.11,－,－
千葉,45282,四,木更津,きさらづ,"",21,139,56,60,10,1,平18.9.22,－,－
千葉,45291,四,牛久,うしく,"",23,140,8,30,9,1,昭53.1.11,－,－
千葉,45326,四,坂畑,さかはた,"",14,140,5,120,10,1,昭53.1.12,－,－
千葉,45331,雨,大多喜,おおたき,"",15,140,12,70,－,－,昭50.5.16,－,－
千葉,45346,雨,鋸南,きょなん,"",7,139,50,10,－,－,#,－,－
千葉,45361,四,鴨川,かもがわ,"",6,140,6,5,10,1,#昭53.1.13,－,－
千葉,45371,官,勝浦,かつうら,"",9,140,18,12,15,－,#昭50.12.7,－,－
千葉,45401,官,館山,たてやま,"",59,139,51,6,21,－,#昭50.3.12,－,－
横浜地方気象台管理,"","","","","","","","","","","","","",""
神奈川,46001,雨,相模湖,さがみこ,"",36,139,11,188,－,－,#,－,－
神奈川,46046,雨,相模原中央,さがみはらちゅうおう,"",34,139,22,149,－,－,昭50.5.16,－,－
神奈川,46061,雨,日吉,ひよし,"",33,139,39,57,－,－,昭50.5.16,－,－
神奈川,46076,雨,丹沢湖,たんざわこ,"",24,139,2,330,－,－,昭51.5.26,－,－
神奈川,46091,四,海老名,えびな,"",26,139,23,18,6,1,#昭53.1.17,－,－
神奈川,46106,官,横浜,よこはま,"",26,139,39,39,19,－,#昭50.3.8,46900,－
神奈川,46136,雨,平塚,ひらつか,"",20,139,18,20,－,－,昭50.5.16,－,－
神奈川,46141,四,辻堂,つじどう,"",19,139,27,5,10,1,平4.2.10,－,－
神奈川,46161,雨,箱根,はこね,"",13,139,2,855,－,－,#,－,－
神奈川,46166,四,小田原,おだわら,"",16,139,9,14,10,1,(昭50.5.16)昭53.1.17,－,－
神奈川,46211,四,三浦,みうら,"",10,139,37,42,10,1,#昭53.1.20,－,－
長野地方気象台管理,"","","","","","","","","","","","","",""
長野,48031,四,野沢温泉,のざわおんせん,"",54,138,26,576,10,3,#昭53.11.16,48900,－
長野,48061,四,信濃町,しなのまち,"",48,138,11,685,9,3,#昭53.11.17,48905,－
長野,48066,四,飯山,いいやま,"",52,138,22,313,10,3,#昭53.11.16,48910,－
長野,48097,雨,小谷,おたり,"",49,137,55,550,－,－,昭58.10.13,48915,－
長野,48141,四,白馬,はくば,"",41,137,51,703,10,3,#昭53.11.21,48920,－
長野,48146,雨,鬼無里,きなさ,"",41,137,57,778,－,－,昭52.6.29,－,－
長野,48156,官,長野,ながの,"",39,138,11,418,18,－,#昭50.3.24,48925,－
長野,48172,雨,笠岳,かさだけ,"",40,138,27,1490,－,－,昭54.7.12,－,－
長野,48191,四,大町,おおまち,"",31,137,49,784,10,2,#昭53.11.20,48930,－
長野,48196,四,信州新町,しんしゅうしんまち,"",32,137,59,509,9,1,#昭53.11.17,－,－
長野,48216,四,菅平,すがだいら,"",31,138,19,1253,10,2,(昭50.5.14)昭53.11.15,48935,－
長野,48247,雨,聖高原,ひじりこうげん,"",29,138,4,985,－,－,昭54.7.19,－,－
長野,48256,四,上田,うえだ,"",24,138,15,502,6,1,#昭51.3.16,－,－
長野,48296,四,穂高,ほたか,"",20,137,52,540,10,1,#昭53.11.21,－,－
長野,48321,四,東御,とうみ,"",23,138,23,958,10,1,(昭50.5.14)昭53.12.1,－,－
長野,48331,官,軽井沢,かるいざわ,"",20,138,32,999,－,－,#昭50.12.2,48938,気温、雨
長野,48331,官,軽井沢,かるいざわ,"",20,138,33,950,18,－,#昭50.12.2,－,風、日照
長野,48346,雨,上高地,かみこうち,"",14,137,38,1510,－,－,昭50.5.14,－,－
長野,48361,官,松本,まつもと,"",14,137,58,610,17,－,#昭50.3.12,48936,－
長野,48363,官,松本今井,まつもといまい,"",10,137,55,658,9,－,平15.1.1,－,日照を除く
長野,48371,雨,鹿教湯,かけゆ,"",18,138,8,721,－,－,#,－,－
長野,48381,四,立科,たてしな,"",16,138,18,715,10,1,昭53.12.1,－,－
長野,48386,四,佐久,さく,"",14,138,28,683,10,1,#昭53.12.1,－,－
長野,48436,雨,白樺湖,しらかばこ,"",6,138,13,1440,－,－,平16.9.9,－,－
長野,48466,四,奈川,ながわ,"",5,137,41,1068,10,2,昭53.11.22,－,－
長野,48491,官,諏訪,すわ,"",2,138,6,760,－,－,昭50.12.4,48937,気温、雨
長野,48491,官,諏訪,すわ,"",2,138,6,759,10,－,昭50.12.4,－,風、日照
長野,48516,雨,北相木,きたあいき,"",4,138,36,1185,－,－,平16.9.8,－,－
長野,48531,四,開田高原,かいだこうげん,"",56,137,36,1130,10,2,昭53.11.24,48940,－
長野,48541,四,木曽平沢,きそひらさわ,"",59,137,50,900,24,1,#昭53.11.22,－,－
長野,48546,四,辰野,たつの,"",58,137,59,729,10,1,昭53.11.30,－,－
長野,48556,雨,高遠,たかとお,"",57,138,6,1075,－,－,平16.9.9,－,－
長野,48561,四,原村,はらむら,"",58,138,13,1017,10,1,#昭53.11.27,－,－
長野,48571,四,野辺山,のべやま,"",56,138,28,1350,10,1,#昭53.11.15,－,－
長野,48601,雨,御嶽山,おんたけさん,"",52,137,30,2195,－,－,昭51.7.1,－,－
長野,48606,四,木曽福島,きそふくしま,"",50,137,41,750,6,1,昭51.3.25,－,－
長野,48621,四,伊那,いな,"",49,137,57,633,10,1,平5.2.25,－,－
長野,48681,雨,宮田高原,みやたこうげん,"",46,137,53,1660,－,－,#,－,－
長野,48691,雨,杉島,すぎしま,"",43,138,5,905,－,－,昭58.6.23,－,－
長野,48716,雨,須原,すはら,"",41,137,41,535,－,－,#,－,－
長野,48717,四,南木曽,なぎそ,"",36,137,37,560,10,1,(昭50.5.20)昭53.11.24,－,－
長野,48731,四,飯島,いいじま,"",39,137,53,728,10,1,#昭53.11.28,－,－
長野,48737,雨,大鹿,おおしか,"",33,138,2,718,－,－,昭58.6.14,－,－
長野,48767,官,飯田,いいだ,"",31,137,49,516,36,－,平14.5.27,48945,－
長野,48826,四,浪合,なみあい,"",22,137,41,940,10,1,昭53.11.28,－,－
長野,48836,雨,阿南,あなん,"",18,137,48,610,－,－,昭53.12.26,－,－
長野,48841,四,南信濃,みなみしなの,"",19,137,55,407,9,1,昭53.12.1,－,－
甲府地方気象台管理,"","","","","","","","","","","","","",""
山梨,49036,四,大泉,おおいずみ,"",51,138,23,867,10,1,(昭50.5.20)昭52.12.23,－,－
山梨,49052,雨,乙女湖,おとめこ,"",48,138,39,1465,－,－,平20.10.21,－,－
山梨,49086,四,韮崎,にらさき,"",41,138,26,341,6,1,(昭50.5.20)昭52.12.23,－,－
山梨,49142,官,甲府,こうふ,"",40,138,33,273,26,－,平5.3.18,49900,－
山梨,49151,四,勝沼,かつぬま,"",39,138,43,394,9,1,#昭52.12.22,－,－
山梨,49161,四,大月,おおつき,"",36,138,56,364,10,1,#昭52.12.22,－,－
山梨,49172,雨,上野原,うえのはら,"",37,139,6,187,－,－,平27.2.18,－,－
山梨,49187,雨,富士川,ふじかわ,"",33,138,26,295,－,－,平25.3.14,－,－
山梨,49196,四,古関,ふるせき,"",31,138,36,552,10,1,#昭53.11.13,－,－
山梨,49236,四,切石,きりいし,"",28,138,26,226,10,1,昭52.12.26,－,－
山梨,49251,官,河口湖,かわぐちこ,"",30,138,45,860,15,－,#昭50.12.6,49905,－
山梨,49256,四,山中,やまなか,"",26,138,50,992,6,1,#昭52.12.27,－,－
山梨,49316,四,南部,なんぶ,"",17,138,26,141,9,1,#昭52.12.26,－,－
静岡地方気象台管理,"","","","","","","","","","","","","",""
静岡,50056,雨,白糸,しらいと,"",18,138,34,530,－,－,#,－,－
静岡,50106,四,井川,いかわ,"",13,138,13,755,10,1,昭53.12.25,－,－
静岡,50111,雨,梅ケ島,うめがしま,"",14,138,20,430,－,－,昭51.9.20,－,－
静岡,50136,四,御殿場,ごてんば,"",18,138,55,472,10,1,#昭51.11.29,－,－
静岡,50196,四,富士,ふじ,"",11,138,39,66,10,1,#昭53.12.26,－,－
静岡,50206,官,三島,みしま,"",6,138,55,21,15,－,#昭50.12.13,－,－
静岡,50226,四,佐久間,さくま,"",3,137,45,150,10,1,(昭50.5.13)昭53.12.20,－,－
静岡,50232,雨,春野,はるの,"",0,137,56,486,－,－,平28.9.28,－,－
静岡,50241,四,川根本町,かわねほんちょう,"",6,138,7,290,8,1,#昭53.12.22,－,－
静岡,50247,雨,鍵穴,かぎあな,"",2,138,14,160,－,－,平3.3.26,－,－
静岡,50261,四,清水,しみず,"",3,138,31,3,8,1,昭53.1.18,－,－
静岡,50281,官,網代,あじろ,"",2,139,5,67,12,－,#昭50.12.16,－,－
静岡,50296,雨,熊,くま,"",57,137,44,375,－,－,昭51.6.25,－,－
静岡,50317,雨,高根山,たかねさん,"",58,138,11,415,－,－,平21.12.18,－,－
静岡,50331,官,静岡,しずおか,"",58,138,24,14,16,－,#昭50.3.23,－,－
静岡,50371,雨,三ヶ日,みっかび,"",48,137,33,2,－,－,昭50.5.13,－,－
静岡,50386,四,天竜,てんりゅう,"",53,137,48,61,10,1,#昭53.12.21,－,－
静岡,50391,雨,三倉,みくら,"",53,137,56,114,－,－,昭57.9.29,－,－
静岡,50416,雨,土肥,とい,"",52,138,45,92,－,－,平2.7.10,－,－
静岡,50426,雨,湯ケ島,ゆがしま,"",54,138,55,165,－,－,#,－,－
静岡,50427,雨,天城山,あまぎさん,"",52,139,1,1066,－,－,#,－,－
静岡,50456,官,浜松,はままつ,"",45,137,42,46,16,－,#昭50.3.19,－,－
静岡,50466,雨,掛川,かけがわ,"",46,137,59,32,－,－,昭50.5.13,－,－
静岡,50476,四,菊川牧之原,きくがわまきのはら,"",47,138,8,191,6,1,昭53.12.21,－,－
静岡,50477,官,静岡空港,しずおかくうこう,"",47,138,11,132,10,－,平21.6.4,－,日照を除く
静岡,50491,四,松崎,まつざき,"",45,138,47,4,10,1,#昭53.12.27,－,－
静岡,50506,四,稲取,いなとり,"",46,139,2,130,8,1,#昭53.12.27,－,－
静岡,50536,四,磐田,いわた,"",41,137,52,1,10,1,昭53.1.19,－,－
静岡,50551,官,御前崎,おまえざき,"",36,138,12,45,15,－,#昭50.12.11,－,－
静岡,50561,官,石廊崎,いろうざき,"",36,138,50,52,15,－,#昭50.3.26,－,－
名古屋地方気象台管理,"","","","","","","","","","","","","",""
愛知,51011,雨,一宮,いちのみや,"",17,136,51,11,－,－,#,－,－
愛知,51031,四,愛西,あいさい,"",13,136,41,5,10,1,昭54.1.11,－,－
愛知,51056,雨,小原,おばら,"",13,137,17,290,－,－,昭52.7.1,－,－
愛知,51071,四,稲武,いなぶ,"",12,137,30,505,10,1,(昭50.5.12)昭54.1.9,－,－
愛知,51077,雨,茶臼山,ちゃうすやま,"",13,137,39,1216,－,－,平17.12.8,－,－
愛知,51096,雨,蟹江,かにえ,"",8,136,47,2,－,－,昭50.5.12,－,－
愛知,51106,官,名古屋,なごや,"",10,136,57,51,17,－,#昭50.3.19,51900,－
愛知,51116,四,豊田,とよた,"",7,137,10,75,6,1,#昭54.1.9,－,－
愛知,51192,雨,阿蔵,あぞう,"",4,137,24,613,－,－,平17.12.5,－,－
愛知,51216,四,大府,おおぶ,"",59,136,56,32,10,1,平24.10.17,－,－
愛知,51226,四,岡崎,おかざき,"",55,137,11,47,6,1,#昭54.1.9,－,－
愛知,51241,雨,作手,つくで,"",58,137,25,532,－,－,#,－,－
愛知,51247,四,新城,しんしろ,"",54,137,31,53,6,1,平14.12.25,－,－
愛知,51261,官,セントレア,せんとれあ,"",51,136,48,4,10,－,平17.2.17,－,日照を除く
愛知,51271,雨,一色,いっしき,"",48,137,1,12,－,－,#,－,－
愛知,51281,四,蒲郡,がまごおり,"",50,137,13,55,10,1,昭54.1.10,－,－
愛知,51311,四,南知多,みなみちた,"",44,136,56,16,6,1,(昭50.5.12)昭54.1.10,－,－
愛知,51331,四,豊橋,とよはし,"",45,137,20,3,6,1,平17.12.6,－,－
愛知,51346,官,伊良湖,いらこ,"",37,137,5,6,10,－,#昭50.12.16,－,－
愛知,51356,雨,田原,たはら,"",37,137,13,45,－,－,#,－,－
岐阜地方気象台管理,"","","","","","","","","","","","","",""
岐阜,52041,四,河合,かわい,"",18,137,6,471,10,3,昭53.11.18,52900,－
岐阜,52051,四,神岡,かみおか,"",19,137,18,455,10,2,昭53.11.20,52905,－
岐阜,52081,四,白川,しらかわ,"",16,136,53,478,10,4,昭53.11.17,52910,－
岐阜,52111,四,栃尾,とちお,"",14,137,30,765,10,1,(昭50.5.30)昭53.11.20,－,－
岐阜,52131,雨,御母衣,みぼろ,"",8,136,54,640,－,－,昭57.6.22,－,－
岐阜,52137,雨,清見,きよみ,"",10,137,2,740,－,－,平2.12.21,－,－
岐阜,52146,官,高山,たかやま,"",9,137,15,560,18,－,#昭50.4.1,52913,－
岐阜,52152,雨,丹生川,にゅうかわ,"",11,137,22,910,－,－,平2.12.26,－,－
岐阜,52173,雨,ひるがの,ひるがの,"",0,136,53,885,－,－,平2.12.20,－,－
岐阜,52181,四,六厩,むまや,"",3,137,2,1015,10,2,昭53.11.16,－,－
岐阜,52192,雨,船山,ふなやま,"",2,137,15,880,－,－,平14.10.8,－,－
岐阜,52196,四,宮之前,みやのまえ,"",0,137,23,930,9,2,昭53.11.21,－,－
岐阜,52221,四,長滝,ながたき,"",55,136,49,430,10,2,昭53.11.11,52915,－
岐阜,52286,四,萩原,はぎわら,"",53,137,12,425,10,1,#昭51.3.3,－,－
岐阜,52321,雨,関市板取,せきしいたどり,"",43,136,47,351,－,－,平17.12.5,－,－
岐阜,52331,四,八幡,はちまん,"",45,136,58,250,10,1,#昭53.11.16,－,－
岐阜,52346,四,宮地,みやじ,"",45,137,17,450,10,1,(昭50.6.1)昭53.11.21,－,－
岐阜,52381,四,樽見,たるみ,"",38,136,36,190,10,2,#昭53.11.14,52920,－
岐阜,52406,四,金山,かなやま,"",39,137,9,233,10,1,#昭53.11.22,－,－
岐阜,52421,雨,付知,つけち,"",39,137,25,461,－,－,昭57.6.11,－,－
岐阜,52461,四,美濃,みの,"",33,136,54,68,10,1,(昭50.5.29)昭53.11.15,－,－
岐阜,52476,雨,伽藍,がらん,"",30,137,13,650,－,－,#,－,－
岐阜,52482,四,黒川,くろかわ,"",35,137,19,517,9,1,平10.9.29,－,－
岐阜,52511,四,揖斐川,いびがわ,"",29,136,34,45,10,1,昭53.11.14,－,－
岐阜,52536,四,美濃加茂,みのかも,"",26,137,0,74,10,1,#昭53.11.15,－,－
岐阜,52556,四,恵那,えな,"",26,137,24,315,10,1,#昭51.3.8,－,－
岐阜,52557,四,中津川,なかつがわ,"",28,137,29,378,10,1,平22.3.25,－,－
岐阜,52571,四,関ケ原,せきがはら,"",21,136,28,130,10,1,#昭53.11.13,52935,－
岐阜,52581,四,大垣,おおがき,"",20,136,37,6,10,1,#昭53.11.13,－,－
岐阜,52586,官,岐阜,ぎふ,"",24,136,45,13,23,－,#昭50.4.1,52940,－
岐阜,52606,四,多治見,たじみ,"",20,137,6,120,10,1,(昭50.5.29)昭53.11.24,－,－
岐阜,52642,雨,上石津,かみいしづ,"",14,136,27,193,－,－,平28.3.29,－,－
津地方気象台管理,"","","","","","","","","","","","","",""
三重,53016,雨,北勢,ほくせい,"",8,136,32,125,－,－,#,－,－
三重,53041,四,桑名,くわな,"",3,136,41,3,10,1,#昭54.1.12,－,－
三重,53061,官,四日市,よっかいち,"",56,136,34,55,10,－,#昭50.12.13,－,－
三重,53091,四,亀山,かめやま,"",52,136,27,70,10,1,#昭54.1.12,－,－
三重,53112,官,上野,うえの,"",45,136,8,159,22,－,昭60.1.30,－,－
三重,53121,雨,笠取山,かさとりやま,"",43,136,18,810,－,－,#,－,－
三重,53133,官,津,つ,"",44,136,31,3,－,－,平23.10.20,53900,気温、雨
三重,53133,官,津,つ,"",43,136,31,2,15,－,平23.10.20,－,風、日照
三重,53141,雨,名張,なばり,"",37,136,6,226,－,－,#,－,－
三重,53151,雨,白山,はくさん,"",37,136,19,60,－,－,昭54.3.30,－,－
三重,53196,四,小俣,おばた,"",31,136,39,10,10,1,#昭54.1.16,－,－
三重,53231,四,粥見,かゆみ,"",26,136,23,120,10,1,#昭54.1.16,－,－
三重,53257,四,鳥羽,とば,"",28,136,49,2,9,1,平6.2.7,－,－
三重,53287,雨,藤坂峠,ふじさかとうげ,"",19,136,29,560,－,－,#,－,－
三重,53296,四,南伊勢,みなみいせ,"",20,136,40,6,10,1,(昭53.6.15)昭54.1.17,－,－
三重,53307,雨,阿児,あご,"",18,136,52,31,－,－,昭57.6.1,－,－
三重,53321,雨,宮川,みやがわ,"",16,136,12,205,－,－,昭53.6.1,－,－
三重,53326,四,紀伊長島,きいながしま,"",12,136,19,3,10,1,昭54.1.17,－,－
三重,53378,官,尾鷲,おわせ,"",4,136,11,15,28,－,昭60.5.29,－,－
三重,53401,四,熊野新鹿,くまのあたしか,"",55,136,8,23,6,1,平13.12.18,－,－
三重,53416,雨,御浜,みはま,"",51,135,58,130,－,－,昭60.6.11,－,－
新潟地方気象台管理,"","","","","","","","","","","","","",""
新潟,54012,四,粟島,あわしま,"",27,139,15,4,10,1,平28.5.31,－,－
新潟,54041,四,弾崎,はじきざき,"",19,138,30,58,8,1,平9.3.31,－,－
新潟,54056,雨,高根,たかね,"",19,139,36,85,－,－,昭53.6.1,－,－
新潟,54086,四,村上,むらかみ,"",13,139,28,10,8,2,#昭53.11.28,－,－
新潟,54097,雨,三面,みおもて,"",14,139,36,45,－,－,昭56.5.20,－,－
新潟,54157,官,相川,あいかわ,"",1,138,14,6,33,－,平7.7.7,54900,－
新潟,54166,四,両津,りょうつ,"",4,138,26,2,18,1,#昭53.11.24,－,－
新潟,54167,官,秋津,あきつ,"",3,138,24,30,8,－,平15.1.1,－,日照を除く
新潟,54181,四,中条,なかじょう,"",3,139,24,27,11,2,昭53.11.28,－,－
新潟,54191,四,下関,しもせき,"",5,139,33,33,10,2,(昭50.5.2)昭53.11.27,54905,－
新潟,54232,官,新潟,にいがた,"",53,139,1,4,－,－,平14.11.21,54907,気温、雨
新潟,54232,官,新潟,にいがた,"",53,139,2,0,15,－,平14.11.21,－,風、日照
新潟,54236,官,松浜,まつはま,"",57,139,6,1,8,－,平15.1.1,－,日照を除く
新潟,54271,四,羽茂,はもち,"",50,138,18,11,10,1,(昭50.6.1)昭53.11.24,－,－
新潟,54296,四,新津,にいつ,"",47,139,5,3,10,2,#昭53.11.21,54910,－
新潟,54301,雨,瓢湖,ひょうこ,"",50,139,14,9,－,－,平26.7.23,－,－
新潟,54311,雨,赤谷,あかだに,"",50,139,24,135,－,－,昭51.7.30,－,－
新潟,54341,四,巻,まき,"",46,138,54,2,10,2,#昭53.12.22,－,－
新潟,54387,四,寺泊,てらどまり,"",38,138,46,44,7,1,平13.8.10,－,－
新潟,54396,四,三条,さんじょう,"",38,138,57,9,12,2,#昭53.11.20,－,－
新潟,54406,雨,村松,むらまつ,"",41,139,11,25,－,－,#,－,－
新潟,54421,四,津川,つがわ,"",40,139,26,100,9,3,#昭53.11.21,54915,－
新潟,54462,雨,宮寄上,みやよりかみ,"",34,139,8,125,－,－,昭58.6.29,－,－
新潟,54472,雨,室谷,むろや,"",33,139,22,200,－,－,平4.3.27,－,－
新潟,54501,四,長岡,ながおか,"",27,138,49,23,9,3,#昭51.2.24,54920,－
新潟,54506,雨,栃尾,とちお,"",28,138,59,83,－,－,#,－,－
新潟,54541,四,柏崎,かしわざき,"",21,138,33,7,10,2,#昭53.11.15,54925,－
新潟,54566,四,守門,すもん,"",20,139,2,222,10,5,(昭50.5.21)昭53.11.17,54930,－
新潟,54586,四,大潟,おおがた,"",13,138,19,13,10,2,昭53.11.14,－,－
新潟,54606,雨,小国,おぐに,"",17,138,42,83,－,－,昭52.6.21,－,－
新潟,54616,四,小出,こいで,"",13,138,57,98,10,4,#昭53.11.17,54935,－
新潟,54621,雨,大湯,おおゆ,"",12,139,3,240,－,－,昭56.5.22,－,－
新潟,54651,官,高田,たかだ,"",6,138,14,13,18,－,#昭53.3.11,54937,－
新潟,54661,四,安塚,やすづか,"",6,138,27,126,6,3,#昭53.11.15,54940,－
新潟,54666,雨,川谷,かわだに,"",12,138,31,206,－,－,昭60.6.14,－,－
新潟,54671,雨,松代,まつだい,"",7,138,36,210,－,－,昭52.6.21,－,－
新潟,54676,四,十日町,とおかまち,"",8,138,43,170,10,4,#昭53.11.16,54945,－
新潟,54711,四,糸魚川,いといがわ,"",2,137,52,8,10,2,#昭53.11.13,－,－
新潟,54721,四,能生,のう,"",5,138,1,55,10,3,#昭53.11.13,54950,－
新潟,54737,雨,筒方,どうがた,"",1,138,20,255,－,－,昭60.6.14,－,－
新潟,54761,雨,塩沢,しおざわ,"",2,138,50,195,－,－,昭58.6.14,－,－
新潟,54816,四,関山,せきやま,"",56,138,13,350,10,4,(昭50.5.14)昭53.11.14,54955,－
新潟,54836,四,津南,つなん,"",59,138,41,452,10,4,#昭53.11.16,54965,－
新潟,54841,四,湯沢,ゆざわ,"",56,138,48,340,10,4,#昭53.11.18,54960,－
新潟,54876,雨,平岩,ひらいわ,"",53,137,51,260,－,－,昭53.11.10,－,－
新潟,54892,雨,樽本,たるもと,"",53,138,16,625,－,－,昭60.6.13,－,－
富山地方気象台管理,"","","","","","","","","","","","","",""
富山,55021,四,泊,とまり,"",57,137,33,13,20,1,#昭53.11.16,55900,－
富山,55041,四,氷見,ひみ,"",51,136,57,7,10,1,昭53.11.18,55915,－
富山,55056,四,魚津,うおづ,"",49,137,25,48,10,1,#昭53.11.16,55905,－
富山,55063,雨,宇奈月,うなづき,"",50,137,33,160,－,－,昭59.6.21,－,－
富山,55091,官,伏木,ふしき,"",47,137,3,12,18,－,#昭50.12.12,55907,－
富山,55102,官,富山,とやま,"",42,137,12,9,20,－,昭61.1.30,55908,－
富山,55141,四,砺波,となみ,"",36,136,57,69,6,2,#昭51.4.1,55910,－
富山,55151,官,秋ヶ島,あきがしま,"",38,137,11,24,10,－,平15.1.1,－,日照を除く
富山,55156,雨,大山,おおやま,"",36,137,17,128,－,－,昭59.6.28,－,－
富山,55166,四,上市,かみいち,"",40,137,25,296,10,2,昭53.11.15,－,－
富山,55191,四,南砺高宮,なんとたかみや,"",32,136,52,91,10,2,#昭53.11.17,－,－
富山,55206,四,八尾,やつお,"",34,137,7,78,19,2,#昭51.2.27,－,－
富山,55217,雨,立山芦峅,たてやまあしくら,"",34,137,23,379,－,－,平22.3.29,－,－
富山,55252,雨,五箇山,ごかやま,"",25,136,56,357,－,－,平16.10.19,－,－
富山,55267,雨,猪谷,いのたに,"",28,137,14,215,－,－,平8.10.28,55920,－
金沢地方気象台管理,"","","","","","","","","","","","","",""
石川,56036,四,珠洲,すず,"",26,137,17,4,7,2,#昭53.11.20,56900,－
石川,56052,官,輪島,わじま,"",23,136,53,5,28,－,昭61.6.20,56903,－
石川,56081,雨,門前,もんぜん,"",15,136,43,11,－,－,#,－,－
石川,56093,官,三井,みい,"",17,136,57,219,12,－,平15.7.7,－,日照を除く
石川,56116,四,志賀,しか,"",8,136,43,6,8,2,#昭53.11.21,－,－
石川,56146,四,七尾,ななお,"",1,136,59,58,10,1,#昭53.11.21,56905,－
石川,56176,四,羽咋,はくい,"",53,136,46,15,19,2,#昭53.11.22,－,－
石川,56186,四,かほく,かほく,"",42,136,41,42,10,2,#昭53.11.22,－,－
石川,56192,雨,宝達志水,ほうだつしみず,"",47,136,46,90,－,－,平15.8.12,－,－
石川,56227,官,金沢,かなざわ,"",35,136,38,6,48,－,平3.10.23,56907,－
石川,56232,雨,医王山,いおうぜん,"",31,136,44,420,－,－,平15.7.29,－,－
石川,56276,四,小松,こまつ,"",22,136,26,3,10,2,昭53.12.1,－,－
石川,56286,四,白山河内,はくさんかわち,"",23,136,37,136,10,2,(昭50.5.7)昭53.11.24,56910,－
石川,56301,四,加賀菅谷,かがすがたに,"",13,136,21,83,10,2,#昭53.11.27,56915,－
石川,56346,雨,白山白峰,はくさんしらみね,"",10,136,37,470,－,－,昭52.7.13,－,－
石川,56401,雨,舳倉島,へぐらじま,"",51,136,55,8,－,－,平26.8.19,－,－
福井地方気象台管理,"","","","","","","","","","","","","",""
福井,57001,四,三国,みくに,"",14,136,10,34,9,2,(昭50.6.24)昭53.11.27,－,－
福井,57026,官,春江,はるえ,"",8,136,13,5,6,－,平15.1.1,－,日照を除く
福井,57051,四,越廼,こしの,"",0,135,59,30,10,1,昭53.11.27,－,－
福井,57066,官,福井,ふくい,"",3,136,13,9,26,－,#昭50.3.15,57903,－
福井,57071,雨,美山,みやま,"",59,136,21,70,－,－,昭50.5.7,－,－
福井,57082,四,勝山,かつやま,"",2,136,31,196,9,3,平5.10.18,－,－
福井,57106,雨,武生,たけふ,"",54,136,10,32,－,－,平17.10.27,57920,－
福井,57121,四,大野,おおの,"",58,136,29,182,6,3,#昭51.3.2,57905,－
福井,57176,雨,九頭竜,くずりゅう,"",54,136,40,436,－,－,昭57.6.1,57900,－
福井,57206,四,今庄,いまじょう,"",46,136,12,128,10,2,#昭53.11.28,57910,－
福井,57248,官,敦賀,つるが,"",39,136,3,2,28,－,昭63.2.12,57913,－
福井,57286,四,美浜,みはま,"",36,135,55,10,10,2,(昭50.5.19)昭53.11.28,－,－
福井,57311,雨,大飯,おおい,"",28,135,37,3,－,－,平7.11.10,－,－
福井,57317,四,小浜,おばま,"",29,135,46,10,24,2,平4.11.2,57915,－
彦根地方気象台管理,"","","","","","","","","","","","","",""
滋賀,60026,雨,柳ケ瀬,やながせ,"",34,136,11,220,－,－,昭51.4.27,60900,－
滋賀,60051,四,今津,いまづ,"",24,136,1,88,10,1,#昭53.11.16,60905,－
滋賀,60061,四,長浜,ながはま,"",25,136,14,95,10,1,(昭50.5.7)昭53.11.17,－,－
滋賀,60081,雨,朽木平良,くつきへら,"",18,135,49,380,－,－,平17.12.6,－,－
滋賀,60102,四,米原,まいばら,"",23,136,20,147,6,1,平13.3.30,60911,－
滋賀,60116,四,南小松,みなみこまつ,"",14,135,57,90,10,1,#昭53.11.16,－,－
滋賀,60131,官,彦根,ひこね,"",16,136,14,87,19,－,#昭50.3.14,60915,－
滋賀,60161,雨,近江八幡,おうみはちまん,"",7,136,5,90,－,－,#,－,－
滋賀,60196,四,東近江,ひがしおうみ,"",3,136,11,128,6,1,(昭50.5.2)昭53.12.20,－,－
滋賀,60216,四,大津,おおつ,"",59,135,54,86,10,1,昭52.12.22,－,－
滋賀,60226,四,信楽,しがらき,"",54,136,4,265,10,1,(昭50.5.2)昭53.12.20,－,－
滋賀,60236,四,土山,つちやま,"",56,136,16,248,10,1,#昭53.12.21,－,－
京都地方気象台管理,"","","","","","","","","","","","","",""
京都,61001,四,間人,たいざ,"",44,135,5,42,11,1,(昭50.5.2)昭52.2.28,－,－
京都,61031,雨,峰山,みねやま,"",37,135,4,23,－,－,#,61900,－
京都,61076,四,宮津,みやづ,"",33,135,14,2,10,1,#昭53.11.15,－,－
京都,61096,雨,坂浦,さかうら,"",25,135,5,223,－,－,平25.5.29,－,－
京都,61111,官,舞鶴,まいづる,"",27,135,19,2,41,－,#昭50.3.26,61905,－
京都,61151,雨,睦寄,むつより,"",22,135,27,175,－,－,昭52.6.28,－,－
京都,61187,四,福知山,ふくちやま,"",18,135,6,17,9,1,平17.12.8,－,－
京都,61191,雨,綾部,あやべ,"",17,135,15,51,－,－,昭57.5.28,－,－
京都,61192,雨,三和,みわ,"",13,135,13,105,－,－,昭57.6.2,－,－
京都,61201,雨,本庄,ほんじょう,"",15,135,23,95,－,－,昭50.5.2,－,－
京都,61206,四,美山,みやま,"",16,135,33,200,10,1,昭53.11.15,61910,－
京都,61241,雨,須知,しゅうち,"",10,135,25,150,－,－,昭57.5.26,－,－
京都,61242,四,園部,そのべ,"",6,135,27,134,9,1,平14.3.6,－,－
京都,61251,雨,京北,けいほく,"",10,135,39,260,－,－,昭50.4.24,－,－
京都,61286,官,京都,きょうと,"",0,135,43,41,－,－,平20.3.27,61915,気温、雨、日照
京都,61286,官,京都,きょうと,"",0,135,44,36,17,－,平20.3.27,－,風
京都,61306,雨,長岡京,ながおかきょう,"",55,135,40,71,－,－,昭50.5.20,－,－
京都,61326,四,京田辺,きょうたなべ,"",49,135,45,20,10,1,#昭53.12.19,－,－
大阪管区気象台管理,"","","","","","","","","","","","","",""
大阪,62016,四,能勢,のせ,"",56,135,27,235,10,1,#昭52.3.7,－,－
大阪,62037,雨,茨木,いばらき,"",51,135,33,78,－,－,平21.12.18,－,－
大阪,62046,四,枚方,ひらかた,"",48,135,40,26,10,1,(昭50.5.31)昭52.3.2,－,－
大阪,62051,官,豊中,とよなか,"",47,135,26,12,10,－,#昭52.3.9,－,日照を除く
大阪,62078,官,大阪,おおさか,"",40,135,31,23,－,－,平11.2.24,62900,気温、雨、日照
大阪,62078,官,大阪,おおさか,"",40,135,32,1,24,－,平11.2.24,－,風
大阪,62081,四,生駒山,いこまやま,"",40,135,40,626,9,1,#昭51.2.12,－,－
大阪,62091,四,堺,さかい,"",33,135,29,20,10,1,(昭50.5.30)昭52.3.3,－,－
大阪,62096,官,八尾,やお,"",35,135,36,10,7,－,平15.1.1,－,日照を除く
大阪,62101,官,関空島,かんくうじま,"",26,135,13,5,10,－,平15.1.1,－,日照を除く
大阪,62111,雨,河内長野,かわちながの,"",25,135,32,160,－,－,#,－,－
大阪,62131,四,熊取,くまとり,"",23,135,21,68,10,1,#昭52.3.4,－,－
神戸地方気象台管理,"","","","","","","","","","","","","",""
兵庫,63016,四,香住,かすみ,"",37,134,37,5,9,1,#昭51.4.1,63900,－
兵庫,63032,雨,温泉,おんせん,"",31,134,28,233,－,－,平18.12.5,－,－
兵庫,63051,官,豊岡,とよおか,"",32,134,49,3,16,－,#昭50.3.29,63905,－
兵庫,63071,四,兎和野高原,うわのこうげん,"",25,134,35,540,6,1,平17.12.14,63911,－
兵庫,63111,雨,大屋,おおや,"",19,134,39,150,－,－,昭50.5.2,－,－
兵庫,63116,雨,八鹿,ようか,"",23,134,44,183,－,－,平17.7.4,－,－
兵庫,63121,四,和田山,わだやま,"",19,134,50,80,10,1,#昭52.12.20,63915,－
兵庫,63201,四,生野,いくの,"",10,134,47,320,10,1,#昭53.11.13,－,－
兵庫,63216,四,柏原,かいばら,"",8,135,3,98,10,1,#昭53.12.20,－,－
兵庫,63241,雨,佐用,さよう,"",1,134,22,120,－,－,昭51.12.20,－,－
兵庫,63251,四,一宮,いちのみや,"",5,134,35,195,10,1,#昭53.11.13,－,－
兵庫,63321,四,福崎,ふくさき,"",57,134,44,72,13,1,(昭50.5.2)昭52.12.19,－,－
兵庫,63331,四,西脇,にしわき,"",59,134,59,72,6,1,(昭50.5.1)昭53.12.21,－,－
兵庫,63346,雨,後川,しつかわ,"",1,135,17,330,－,－,#,－,－
兵庫,63366,四,上郡,かみごおり,"",51,134,22,20,10,1,昭53.12.26,－,－
兵庫,63383,官,姫路,ひめじ,"",50,134,40,38,16,－,平20.11.21,－,－
兵庫,63411,四,三田,さんだ,"",53,135,12,150,21,1,(昭50.5.2)昭53.12.20,－,－
兵庫,63461,四,三木,みき,"",46,135,0,145,10,1,昭52.12.19,－,－
兵庫,63477,雨,西宮,にしのみや,"",45,135,20,38,－,－,平.18.3.6,－,－
兵庫,63491,四,家島,いえしま,"",40,134,31,88,6,1,昭53.12.25,－,－
兵庫,63496,四,明石,あかし,"",41,134,52,3,28,1,平4.3.23,－,－
兵庫,63517,官,神戸空港,こうべくうこう,"",37,135,13,5,10,－,平18.2.16,－,日照を除く
兵庫,63518,官,神戸,こうべ,"",41,135,12,5,－,－,平19.3.28,63950,気温、雨
兵庫,63518,官,神戸,こうべ,"",40,135,13,3,16,－,平19.3.28,－,風、日照
兵庫,63551,四,郡家,ぐんげ,"",28,134,50,5,9,1,(昭50.5.2)昭53.12.22,－,－
兵庫,63576,官,洲本,すもと,"",20,134,54,109,15,－,#昭50.12.10,－,－
兵庫,63588,四,南淡,なんだん,"",13,134,43,5,9,1,平16.1.30,－,－
奈良地方気象台管理,"","","","","","","","","","","","","",""
奈良,64036,官,奈良,なら,"",40,135,50,102,－,－,#昭50.3.19,64900,気温、雨
奈良,64036,官,奈良,なら,"",40,135,49,90,19,－,#昭50.3.19,－,風、日照
奈良,64041,四,針,はり,"",36,135,57,468,10,1,#昭53.12.22,－,－
奈良,64056,雨,田原本,たわらもと,"",33,135,47,50,－,－,#,－,－
奈良,64076,雨,曽爾,そに,"",31,136,9,610,－,－,#,－,－
奈良,64091,雨,葛城,かつらぎ,"",29,135,42,141,－,－,昭56.8.24,－,－
奈良,64101,四,大宇陀,おおうだ,"",29,135,55,349,10,1,#昭53.12.22,－,－
奈良,64127,四,五條,ごじょう,"",22,135,43,190,9,1,平17.12.19,－,－
奈良,64136,雨,吉野,よしの,"",22,135,54,188,－,－,平3.1.16,－,－
奈良,64161,雨,天川,てんかわ,"",16,135,53,840,－,－,平22.3.25,－,－
奈良,64206,四,上北山,かみきたやま,"",8,136,0,334,10,1,(昭50.5.1)昭53.12.26,－,－
奈良,64227,四,風屋,かぜや,"",2,135,47,301,6,1,昭52.12.20,－,－
奈良,64236,雨,下北山,しもきたやま,"",0,135,58,249,－,－,平26.7.31,－,－
奈良,64261,雨,玉置山,たまきやま,"",55,135,49,1077,－,－,#,－,－
和歌山地方気象台管理,"","","","","","","","","","","","","",""
和歌山,65021,雨,葛城山,かつらぎさん,"",20,135,26,840,－,－,#,－,－
和歌山,65026,四,かつらぎ,かつらぎ,"",18,135,31,142,9,1,昭54.1.8,－,－
和歌山,65036,四,友ケ島,ともがしま,"",16,135,0,43,9,1,平10.3.18,－,－
和歌山,65042,官,和歌山,わかやま,"",13,135,9,14,－,－,平5.12.1,65900,気温、雨
和歌山,65042,官,和歌山,わかやま,"",13,135,9,14,42,－,平5.12.1,－,風、日照
和歌山,65061,四,高野山,こうやさん,"",13,135,35,795,10,1,#昭54.1.8,－,－
和歌山,65106,雨,湯浅,ゆあさ,"",2,135,10,8,－,－,昭50.5.8,－,－
和歌山,65121,四,清水,しみず,"",5,135,25,240,6,1,(昭50.5.30)昭54.1.9,－,－
和歌山,65127,雨,護摩壇山,ごまだんざん,"",2,135,34,1130,－,－,平22.3.25,－,－
和歌山,65162,四,龍神,りゅうじん,"",56,135,33,410,6,1,平6.3.8,－,－
和歌山,65201,四,川辺,かわべ,"",53,135,13,84,9,1,平11.3.4,－,－
和歌山,65226,雨,本宮,ほんぐう,"",50,135,46,60,－,－,昭50.8.18,－,－
和歌山,65256,四,栗栖川,くりすがわ,"",47,135,30,160,10,1,(昭50.5.2)昭54.1.11,－,－
和歌山,65276,四,新宮,しんぐう,"",41,135,58,18,9,1,#昭54.3.13,－,－
和歌山,65288,官,南紀白浜,なんきしらはま,"",39,135,21,89,9,－,平18.3.16,－,日照を除く
和歌山,65306,四,西川,にしかわ,"",38,135,42,150,10,1,昭54.1.12,－,－
和歌山,65311,雨,色川,いろかわ,"",40,135,50,275,－,－,昭52.7.14,－,－
和歌山,65321,雨,日置川,ひきがわ,"",36,135,28,17,－,－,#,－,－
和歌山,65356,官,潮岬,しおのみさき,"",27,135,45,68,14,－,#昭50.3.13,－,－
岡山地方気象台管理,"","","","","","","","","","","","","",""
岡山,66046,四,上長田,かみながた,"",17,133,43,430,6,1,昭53.12.6,66900,－
岡山,66056,雨,恩原,おんばら,"",18,133,59,734,－,－,昭56.6.2,－,－
岡山,66091,四,千屋,ちや,"",6,133,26,525,10,1,昭53.12.8,66910,－
岡山,66112,雨,富,とみ,"",10,133,48,480,－,－,平17.12.10,－,－
岡山,66127,四,奈義,なぎ,"",6,134,10,212,6,1,昭52.2.25,－,－
岡山,66136,四,今岡,いまおか,"",5,134,19,207,6,1,#昭53.11.16,66915,－
岡山,66171,四,久世,くせ,"",4,133,45,144,10,1,昭53.11.17,－,－
岡山,66186,官,津山,つやま,"",3,134,0,146,12,－,#昭50.12.15,66920,－
岡山,66221,四,新見,にいみ,"",56,133,31,393,10,1,昭53.11.20,－,－
岡山,66226,雨,下呰部,しもあざえ,"",57,133,37,180,－,－,昭50.4.24,－,－
岡山,66237,雨,旭西,あさひにし,"",57,133,48,230,－,－,平22.3.18,－,－
岡山,66251,雨,赤磐,あかいわ,"",55,134,4,56,－,－,#,－,－
岡山,66276,雨,陣山,じんやま,"",49,133,31,529,－,－,#,－,－
岡山,66287,雨,吉備中央,きびちゅうおう,"",49,133,42,340,－,－,平17.12.14,－,－
岡山,66296,四,福渡,ふくわたり,"",52,133,54,63,7,1,#昭54.1.9,－,－
岡山,66306,四,和気,わけ,"",48,134,11,35,10,1,#昭54.1.9,－,－
岡山,66336,四,高梁,たかはし,"",47,133,36,60,10,1,(昭50.4.24)昭54.1.10,－,－
岡山,66346,官,日応寺,にちおうじ,"",45,133,51,239,9,－,平15.1.1,－,日照を除く
岡山,66381,雨,佐屋,さや,"",41,133,26,390,－,－,#,－,－
岡山,66391,雨,矢掛,やかげ,"",37,133,37,18,－,－,#,－,－
岡山,66408,官,岡山,おかやま,"",41,133,55,5,－,－,平8.3.25,66930,気温、雨
岡山,66408,官,岡山,おかやま,"",39,133,54,3,69,－,平8.3.25,－,風、日照
岡山,66421,四,虫明,むしあげ,"",40,134,12,10,10,1,#昭54.1.19,－,－
岡山,66446,四,倉敷,くらしき,"",35,133,46,3,10,1,#昭54.1.9,－,－
岡山,66481,四,笠岡,かさおか,"",30,133,29,0,6,1,昭54.1.10,－,－
岡山,66501,四,玉野,たまの,"",29,133,57,2,6,1,#昭51.4.1,－,－
広島地方気象台管理,"","","","","","","","","","","","","",""
広島,67016,四,高野,たかの,"",2,132,54,570,10,2,(昭50.4.1)昭53.11.22,67900,－
広島,67026,雨,道後山,どうごやま,"",3,133,11,729,－,－,平17.11.29,－,－
広島,67052,雨,君田,きみた,"",55,132,49,304,－,－,平17.12.5,－,－
広島,67106,四,三次,みよし,"",48,132,51,159,10,1,#昭53.11.22,－,－
広島,67116,四,庄原,しょうばら,"",51,133,1,300,15,1,#昭51.4.1,－,－
広島,67126,雨,東城,とうじょう,"",53,133,16,310,－,－,昭50.4.28,－,－
広島,67136,雨,八幡,やわた,"",42,132,10,774,－,－,昭53.7.5,67905,－
広島,67151,四,大朝,おおあさ,"",46,132,27,399,10,2,#昭52.12.23,67910,－
広島,67161,雨,美土里,みどり,"",43,132,39,318,－,－,平17.12.8,－,－
広島,67191,四,油木,ゆき,"",45,133,16,510,10,1,昭53.12.12,－,－
広島,67211,雨,王泊,おおどまり,"",41,132,18,525,－,－,昭53.6.7,－,－
広島,67212,四,加計,かけ,"",36,132,19,210,10,1,#昭53.11.24,－,－
広島,67217,雨,都志見,つしみ,"",38,132,26,400,－,－,平17.12.6,－,－
広島,67231,雨,甲田,こうだ,"",41,132,45,185,－,－,昭50.4.28,－,－
広島,67251,雨,上下,じょうげ,"",41,133,7,384,－,－,#,－,－
広島,67271,雨,内黒山,うちぐろやま,"",35,132,10,987,－,－,#,－,－
広島,67292,四,三入,みいり,"",32,132,31,70,6,1,平13.12.20,－,－
広島,67306,雨,安宿,あすか,"",34,132,50,363,－,－,平22.1.28,－,－
広島,67316,四,世羅,せら,"",35,133,3,350,8,1,#昭52.2.23,－,－
広島,67326,四,府中,ふちゅう,"",33,133,13,70,9,1,(昭50.4.28)昭54.1.11,－,－
広島,67351,雨,佐伯湯来,さえきゆき,"",29,132,17,206,－,－,平17.12.2,－,－
広島,67371,雨,志和,しわ,"",29,132,39,215,－,－,昭52.6.30,－,－
広島,67376,四,東広島,ひがしひろしま,"",25,132,42,224,10,1,#昭54.1.17,－,－
広島,67386,官,本郷,ほんごう,"",26,132,55,331,10,－,平15.1.1,－,日照を除く
広島,67401,官,福山,ふくやま,"",26,133,14,2,14,－,#昭50.12.16,－,－
広島,67421,四,廿日市津田,はつかいちつた,"",21,132,11,317,10,1,昭53.12.6,－,－
広島,67437,官,広島,ひろしま,"",23,132,27,4,95,－,昭63.1.1,67920,気温、風、雨
広島,67437,官,広島,ひろしま,"",23,132,27,3,－,－,昭63.1.1,－,日照
広島,67461,四,竹原,たけはら,"",19,132,58,5,10,1,#昭54.1.12,－,－
広島,67471,四,生口島,いくちじま,"",16,133,7,3,10,1,#昭54.1.12,－,－
広島,67496,四,大竹,おおたけ,"",13,132,13,1,25,1,#昭54.1.16,－,－
広島,67511,官,呉,くれ,"",14,132,33,4,27,－,#昭50.12.10,－,－
広島,67566,雨,倉橋,くらはし,"",5,132,29,3,－,－,#,－,－
広島,67576,四,呉市蒲刈,くれしかまがり,"",9,132,44,48,10,1,平21.2.25,－,－
松江地方気象台管理,"","","","","","","","","","","","","",""
島根,68022,官,西郷,さいごう,"",12,133,20,27,17,－,昭62.10.14,68955,－
島根,68046,官,西郷岬,さいごうみさき,"",10,133,19,80,10,－,平15.1.1,－,日照を除く
島根,68056,四,海士,あま,"",5,133,5,3,9,1,昭53.11.17,－,－
島根,68091,四,鹿島,かしま,"",31,133,1,5,10,1,#昭53.12.1,－,－
島根,68121,官,斐川,ひかわ,"",24,132,53,2,8,－,平15.1.1,－,日照を除く
島根,68132,官,松江,まつえ,"",27,133,3,17,26,－,昭54.11.1,68960,－
島根,68156,四,出雲,いずも,"",19,132,43,20,10,1,昭53.11.20,－,－
島根,68166,雨,大東,だいとう,"",19,132,57,56,－,－,#,－,－
島根,68181,雨,伯太,はくた,"",21,133,16,23,－,－,昭51.5.20,－,－
島根,68206,雨,佐田,さだ,"",13,132,43,100,－,－,昭50.4.28,－,－
島根,68246,四,大田,おおだ,"",11,132,29,30,10,1,#昭53.11.21,－,－
島根,68261,四,掛合,かけや,"",11,132,48,215,7,1,#昭53.11.16,－,－
島根,68276,四,横田,よこた,"",10,133,6,369,10,1,#昭53.11.16,68900,－
島根,68286,雨,福光,ふくみつ,"",4,132,20,8,－,－,昭53.12.21,－,－
島根,68306,四,赤名,あかな,"",0,132,42,444,10,1,昭53.12.5,68905,－
島根,68346,雨,桜江,さくらえ,"",57,132,20,32,－,－,昭51.5.18,－,－
島根,68351,四,川本,かわもと,"",58,132,29,132,10,1,#昭53.11.22,－,－
島根,68376,官,浜田,はまだ,"",53,132,4,19,14,－,#昭50.3.20,－,－
島根,68401,四,瑞穂,みずほ,"",51,132,31,327,10,1,(昭51.5.19)昭53.11.22,68910,－
島根,68421,雨,三隅,みすみ,"",47,131,56,9,－,－,昭53.7.3,－,－
島根,68431,四,弥栄,やさか,"",46,132,6,380,9,1,昭53.12.1,68915,－
島根,68436,雨,波佐,はざ,"",46,132,11,370,－,－,昭52.7.21,－,－
島根,68456,官,高津,たかつ,"",40,131,47,54,10,－,平15.1.1,－,日照を除く
島根,68462,四,益田,ますだ,"",40,131,50,4,12,1,昭53.11.24,－,－
島根,68501,雨,匹見,ひきみ,"",34,132,1,259,－,－,昭52.7.26,－,－
島根,68516,四,津和野,つわの,"",27,131,46,165,10,1,#昭53.11.24,－,－
島根,68541,四,吉賀,よしか,"",23,131,53,250,10,1,平18.10.31,－,－
鳥取地方気象台管理,"","","","","","","","","","","","","",""
鳥取,69006,官,境,さかい,"",32,133,14,2,11,－,#昭50.12.18,69910,－
鳥取,69021,四,塩津,しおつ,"",31,133,34,15,6,1,昭52.12.21,－,－
鳥取,69041,四,青谷,あおや,"",31,133,59,13,10,1,#昭53.11.14,－,－
鳥取,69052,官,湖山,こやま,"",31,134,9,15,10,－,平15.1.1,－,日照を除く
鳥取,69061,四,岩井,いわい,"",33,134,21,19,10,1,#昭53.11.13,－,－
鳥取,69076,官,米子,よなご,"",26,133,20,7,18,－,#昭50.3.13,69930,－
鳥取,69101,四,倉吉,くらよし,"",28,133,50,8,10,1,#昭53.11.14,69900,－
鳥取,69111,雨,鹿野,しかの,"",24,134,1,210,－,－,昭57.7.1,－,－
鳥取,69122,官,鳥取,とっとり,"",29,134,14,7,33,－,昭52.10.31,69940,－
鳥取,69152,雨,大山,だいせん,"",23,133,32,875,－,－,昭57.6.17,69905,－
鳥取,69161,雨,関金,せきがね,"",22,133,45,150,－,－,昭52.7.26,－,－
鳥取,69181,雨,佐治,さじ,"",19,134,6,210,－,－,昭57.6.11,－,－
鳥取,69196,雨,若桜,わかさ,"",20,134,24,231,－,－,昭52.7.26,－,－
鳥取,69222,雨,江尾,えび,"",17,133,29,155,－,－,昭57.6.23,－,－
鳥取,69246,四,智頭,ちず,"",15,134,14,182,6,1,#昭53.11.13,69915,－
鳥取,69271,四,茶屋,ちゃや,"",11,133,13,490,10,1,昭53.11.15,－,－
徳島地方気象台管理,"","","","","","","","","","","","","",""
徳島,71066,四,池田,いけだ,"",1,133,47,214,10,1,#昭53.1.29,－,－
徳島,71087,四,穴吹,あなぶき,"",2,134,9,160,9,1,平13.3.13,－,－
徳島,71106,官,徳島,とくしま,"",4,134,34,2,17,－,#昭50.4.1,71900,気温、風、雨
徳島,71106,官,徳島,とくしま,"",4,134,34,2,－,－,#昭50.4.1,－,日照
徳島,71136,雨,半田,はんだ,"",59,134,2,228,－,－,昭53.12.1,－,－
徳島,71191,四,京上,きょうじょう,"",52,133,54,560,6,1,昭53.3.23,－,－
徳島,71211,雨,福原旭,ふくはらあさひ,"",52,134,23,290,－,－,昭51.5.27,－,－
徳島,71231,四,蒲生田,かもだ,"",50,134,44,10,10,1,昭53.1.13,－,－
徳島,71251,四,木頭,きとう,"",46,134,12,330,6,1,昭54.1.24,－,－
徳島,71266,四,日和佐,ひわさ,"",43,134,32,3,15,1,#昭51.2.14,－,－
徳島,71291,四,海陽,かいよう,"",36,134,21,5,10,1,平21.2.19,－,－
高松地方気象台管理,"","","","","","","","","","","","","",""
香川,72061,四,内海,うちのみ,"",28,134,16,20,9,1,#昭53.1.10,－,－
香川,72086,官,高松,たかまつ,"",19,134,3,9,17,－,#昭50.4.1,72900,－
香川,72111,官,多度津,たどつ,"",16,133,45,4,12,－,#昭50.12.18,－,－
香川,72121,四,滝宮,たきのみや,"",14,133,55,60,10,1,#昭53.1.11,－,－
香川,72126,官,香南,こうなん,"",12,134,0,185,10,－,平15.1.1,－,日照を除く
香川,72146,四,引田,ひけた,"",12,134,24,12,10,1,#昭53.1.12,－,－
香川,72161,四,財田,さいた,"",7,133,46,65,9,1,昭53.1.11,－,－
徳島,72176,雨,竜王山,りゅうおうざん,"",6,134,3,1040,－,－,#,－,－
松山地方気象台管理,"","","","","","","","","","","","","",""
愛媛,73001,四,大三島,おおみしま,"",15,133,0,9,10,1,#昭53.1.19,－,－
愛媛,73071,雨,玉川,たまがわ,"",1,132,56,67,－,－,#,－,－
愛媛,73076,四,今治,いまばり,"",3,132,58,27,10,1,(昭50.10.1)昭51.2.18,－,－
愛媛,73126,四,西条,さいじょう,"",54,133,4,4,10,1,(昭50.5.1)昭53.1.18,－,－
愛媛,73141,四,新居浜,にいはま,"",56,133,20,90,10,1,平28.8.24,－,－
愛媛,73151,四,四国中央,しこくちゅうおう,"",58,133,34,75,10,1,#昭53.1.17,－,－
愛媛,73152,雨,富郷,とみさと,"",54,133,30,310,－,－,昭53.6.29,－,－
愛媛,73166,官,松山,まつやま,"",50,132,46,32,－,－,#昭50.4.1,73900,気温、雨
愛媛,73166,官,松山,まつやま,"",50,132,47,41,17,－,#昭50.4.1,－,風、日照
愛媛,73168,官,松山南吉田,まつやまみなみよしだ,"",49,132,41,4,10,－,平15.1.1,－,日照を除く
愛媛,73231,雨,上林,かみはやし,"",44,132,53,460,－,－,#,－,－
愛媛,73247,雨,成就社,じょうじゅしゃ,"",47,133,7,1280,－,－,昭55.5.16,－,－
愛媛,73256,四,長浜,ながはま,"",37,132,28,4,6,1,#昭53.1.31,－,－
愛媛,73271,雨,中山,なかやま,"",38,132,42,163,－,－,#,－,－
愛媛,73276,四,久万,くま,"",39,132,53,511,10,1,#昭53.1.20,－,－
愛媛,73306,四,大洲,おおず,"",30,132,32,20,10,1,(昭50.5.1)昭53.1.31,－,－
愛媛,73321,雨,獅子越峠,ししごえとうげ,"",32,132,49,1000,－,－,#,－,－
愛媛,73341,四,瀬戸,せと,"",26,132,15,143,6,1,平9.8.8,－,－
愛媛,73351,雨,八幡浜,やわたはま,"",26,132,26,8,－,－,#,－,－
愛媛,73406,四,宇和,うわ,"",22,132,30,200,10,1,(昭50.5.1)昭53.1.23,－,－
愛媛,73442,官,宇和島,うわじま,"",13,132,33,2,33,－,平5.2.1,－,－
愛媛,73446,四,近永,ちかなが,"",15,132,40,129,8,1,昭54.1.17,－,－
愛媛,73516,四,御荘,みしょう,"",57,132,34,12,10,1,#昭53.1.23,－,－
高知地方気象台管理,"","","","","","","","","","","","","",""
高知,74056,四,本川,ほんがわ,"",45,133,20,550,10,1,昭54.1.18,－,－
高知,74071,四,本山,もとやま,"",45,133,34,252,9,1,#昭53.1.1,－,－
高知,74101,雨,池川,いけがわ,"",36,133,10,150,－,－,昭52.7.28,－,－
高知,74126,雨,繁藤,しげとう,"",40,133,41,346,－,－,#,－,－
高知,74136,四,大栃,おおどち,"",41,133,52,210,6,1,昭52.12.20,－,－
高知,74151,雨,魚梁瀬,やなせ,"",36,134,6,450,－,－,昭53.10.25,－,－
高知,74166,雨,佐川,さかわ,"",30,133,16,80,－,－,#,－,－
高知,74181,官,高知,こうち,"",34,133,32,1,15,－,#昭50.12.16,74900,－
高知,74187,四,後免,ごめん,"",35,133,38,12,6,1,昭52.12.20,－,－
高知,74188,官,南国日章,なんこくにっしょう,"",32,133,40,9,8,－,平15.1.1,－,日照を除く
高知,74237,雨,船戸,ふなと,"",25,133,5,428,－,－,#,－,－
高知,74238,雨,鳥形山,とりがたやま,"",28,133,5,835,－,－,平22.3.17,－,－
高知,74271,四,安芸,あき,"",29,133,56,6,6,1,#昭52.12.19,－,－
高知,74276,雨,田野,たの,"",25,134,0,17,－,－,昭50.4.28,－,－
高知,74296,四,梼原,ゆすはら,"",23,132,55,415,6,1,(昭50.4.23)昭52.12.22,－,－
高知,74311,四,須崎,すさき,"",23,133,16,4,6,1,#昭52.12.22,－,－
高知,74336,雨,佐喜浜,さきはま,"",23,134,12,12,－,－,#,－,－
高知,74361,四,窪川,くぼかわ,"",12,133,7,205,6,1,#昭52.12.23,－,－
高知,74372,官,室戸岬,むろとみさき,"",15,134,10,185,－,－,平18.11.28,－,気温、雨、日照
高知,74372,官,室戸岬,むろとみさき,"",14,134,10,161,21,－,平18.11.28,－,風
高知,74381,四,江川崎,えかわさき,"",10,132,47,72,10,1,昭52.12.26,－,－
高知,74391,雨,大正,たいしょう,"",11,132,58,150,－,－,#,－,－
高知,74436,四,佐賀,さが,"",4,133,6,3,6,1,昭52.12.23,－,－
高知,74447,官,宿毛,すくも,"",55,132,41,2,17,－,昭57.4.1,－,－
高知,74456,四,中村,なかむら,"",59,132,55,8,6,1,#昭51.2.17,－,－
高知,74506,雨,三崎,みさき,"",47,132,52,9,－,－,平17.10.17,－,－
高知,74516,官,清水,しみず,"",43,133,0,31,14,－,#昭50.3.20,－,－
下関地方気象台管理,"","","","","","","","","","","","","",""
山口,81011,四,須佐,すさ,"",36,131,37,50,6,1,#昭52.3.7,－,－
山口,81071,官,萩,はぎ,"",24,131,24,2,11,－,#昭50.4.1,－,－
山口,81116,四,油谷,ゆや,"",22,131,3,20,10,1,(昭50.4.25)昭52.3.8,－,－
山口,81141,雨,篠生,しのぶ,"",18,131,34,205,－,－,昭55.11.14,－,－
山口,81151,四,徳佐,とくさ,"",23,131,43,310,6,1,#昭52.3.4,－,－
山口,81167,雨,羅漢山,らかんざん,"",21,132,3,945,－,－,昭51.6.3,－,－
山口,81196,四,秋吉台,あきよしだい,"",14,131,18,240,10,1,#昭52.3.10,－,－
山口,81228,雨,鹿野,かの,"",13,131,48,368,－,－,平22.3.9,－,－
山口,81231,四,広瀬,ひろせ,"",15,131,57,97,6,1,#昭51.2.24,－,－
山口,81266,四,豊田,とよた,"",11,131,4,40,6,1,#昭52.3.11,－,－
山口,81271,雨,東厚保,ひがしあつ,"",7,131,10,56,－,－,平22.3.26,－,－
山口,81286,官,山口,やまぐち,"",9,131,27,18,15,－,#昭50.12.18,81900,－
山口,81301,雨,和田,わだ,"",8,131,44,140,－,－,昭53.6.29,－,－
山口,81321,四,岩国,いわくに,"",9,132,10,41,10,1,(昭50.4.25)昭52.2.22,－,－
山口,81371,四,防府,ほうふ,"",2,131,32,4,10,1,#昭52.3.2,－,－
山口,81386,四,下松,くだまつ,"",0,131,52,27,10,1,昭52.3.1,－,－
山口,81397,四,玖珂,くが,"",5,132,4,68,7,1,(昭50.4.1)昭52.2.28,－,－
山口,81428,官,下関,しものせき,"",56,130,55,3,－,－,平8.6.27,81905,気温、雨
山口,81428,官,下関,しものせき,"",57,130,56,46,14,－,平8.6.27,－,風、日照
山口,81436,官,宇部,うべ,"",55,131,16,5,9,－,#平13.12.12,－,日照を除く
山口,81481,四,柳井,やない,"",57,132,6,3,7,1,(昭50.4.25)昭52.2.25,－,－
山口,81486,四,安下庄,あげのしょう,"",54,132,17,5,10,1,#昭52.2.24,－,－
福岡管区気象台管理,"","","","","","","","","","","","","",""
福岡,82036,雨,小呂島,おろのしま,"",51,130,2,49,－,－,平26.9.11,－,－
福岡,82046,四,宗像,むなかた,"",48,130,32,7,6,1,(昭50.4.25)昭52.2.15,－,－
福岡,82056,四,八幡,やはた,"",51,130,44,20,10,1,#昭52.2.17,－,－
福岡,82068,官,空港北町,くうこうきたまち,"",50,131,2,7,8,－,平15.1.1,－,日照を除く
福岡,82097,雨,東谷,ひがしたに,"",46,130,51,55,－,－,平24.2.15,－,－
福岡,82101,四,行橋,ゆくはし,"",42,130,58,9,10,1,#昭52.2.18,－,－
福岡,82136,官,飯塚,いいづか,"",39,130,41,37,11,－,#昭50.12.16,－,－
福岡,82171,四,前原,まえばる,"",33,130,11,5,10,1,#昭52.3.4,－,－
福岡,82182,官,福岡,ふくおか,"",34,130,22,3,－,－,平22.2.18,82900,気温、雨、日照
福岡,82182,官,福岡,ふくおか,"",34,130,22,3,34,－,平22.2.18,－,風
福岡,82186,官,博多,はかた,"",35,130,27,9,8,－,平15.1.1,－,日照を除く
福岡,82191,四,太宰府,だざいふ,"",29,130,29,52,10,1,昭52.3.2,－,－
福岡,82206,四,添田,そえだ,"",33,130,51,92,6,1,(昭50.5.25)昭52.2.21,－,－
福岡,82241,雨,早良脇山,さわらわきやま,"",29,130,21,83,－,－,平22.3.2,－,－
福岡,82261,四,朝倉,あさくら,"",24,130,41,36,8,1,#昭52.2.18,－,－
福岡,82272,雨,英彦山,ひこさん,"",29,130,55,823,－,－,昭63.9.8,－,－
福岡,82306,四,久留米,くるめ,"",18,130,29,7,13,1,昭52.3.1,－,－
福岡,82316,雨,耳納山,みのうさん,"",17,130,37,607,－,－,#,－,－
福岡,82317,四,黒木,くろぎ,"",13,130,38,144,6,1,#昭52.2.25,－,－
福岡,82331,雨,柳川,やながわ,"",9,130,24,7,－,－,昭50.4.25,－,－
福岡,82361,四,大牟田,おおむた,"",0,130,28,40,10,1,#昭52.2.23,－,－
大分地方気象台管理,"","","","","","","","","","","","","",""
大分,83021,四,国見,くにみ,"",40,131,35,14,6,1,昭52.2.15,－,－
大分,83051,四,中津,なかつ,"",35,131,14,12,10,1,平23.3.15,－,－
大分,83061,四,豊後高田,ぶんごたかだ,"",34,131,26,5,6,1,#昭52.2.16,－,－
大分,83096,雨,耶馬渓,やばけい,"",26,131,6,100,－,－,昭50.5.8,－,－
大分,83106,四,院内,いんない,"",25,131,19,90,13,1,(昭50.4.24)昭52.2.21,－,－
大分,83121,四,杵築,きつき,"",25,131,35,5,10,1,昭53.1.10,－,－
大分,83126,官,武蔵,むさし,"",28,131,44,5,8,－,平15.1.1,－,日照を除く
大分,83137,官,日田,ひた,"",19,130,55,83,22,－,#昭50.12.13,－,－
大分,83191,四,玖珠,くす,"",17,131,9,331,10,1,(昭50.4.24)昭52.2.22,－,－
大分,83201,四,湯布院,ゆふいん,"",15,131,20,435,6,1,#昭52.2.23,－,－
大分,83216,官,大分,おおいた,"",14,131,37,5,19,－,#昭50.3.21,83900,－
大分,83226,雨,佐賀関,さがのせき,"",14,131,51,1,－,－,#,－,－
大分,83242,雨,椿ヶ鼻,つばきがはな,"",11,130,54,843,－,－,平16.11.4,－,－
大分,83286,雨,臼杵,うすき,"",7,131,47,30,－,－,昭50.4.24,－,－
大分,83341,四,犬飼,いぬかい,"",3,131,37,100,6,1,#昭52.3.3,－,－
大分,83371,四,竹田,たけた,"",58,131,23,261,10,1,#昭52.3.2,－,－
大分,83401,四,佐伯,さいき,"",57,131,54,2,10,1,#昭52.3.1,－,－
大分,83431,四,宇目,うめ,"",50,131,40,200,10,1,昭52.3.2,－,－
大分,83476,四,蒲江,かまえ,"",47,131,55,2,10,1,#昭52.2.28,－,－
長崎地方気象台管理,"","","","","","","","","","","","","",""
長崎,84012,四,鰐浦,わにうら,"",41,129,26,63,8,1,平7.8.2,－,－
長崎,84072,官,厳原,いづはら,"",11,129,17,4,36,－,平3.9.1,－,－
長崎,84076,官,美津島,みつしま,"",17,129,19,63,10,－,平15.1.1,－,日照を除く
長崎,84121,四,芦辺,あしべ,"",48,129,43,97,10,1,昭52.3.11,－,－
長崎,84122,官,石田,いしだ,"",44,129,47,12,10,－,平15.1.1,－,日照を除く
長崎,84171,官,平戸,ひらど,"",21,129,33,58,12,－,#昭50.12.11,－,－
長崎,84183,四,松浦,まつうら,"",20,129,42,14,10,1,平23.3.15,－,－
長崎,84236,官,小値賀,おぢか,"",11,129,5,8,6,－,平15.1.1,－,日照を除く
長崎,84266,官,佐世保,させぼ,"",9,129,43,4,35,－,平14.3.27,－,－
長崎,84286,官,頭ヶ島,かしらがしま,"",0,129,11,80,7,－,平15.1.1,－,日照を除く
長崎,84341,四,有川,ありかわ,"",58,129,7,11,8,1,平11.12.22,－,－
長崎,84356,四,大瀬戸,おおせと,"",56,129,37,43,10,1,#昭52.2.21,－,－
長崎,84361,雨,長浦岳,ながうらだけ,"",54,129,44,510,－,－,#,－,－
長崎,84371,官,大村,おおむら,"",55,129,54,3,9,－,(昭51.4.22)平8.3.25,－,日照を除く
長崎,84441,雨,諫早,いさはや,"",50,130,1,15,－,－,#,－,－
長崎,84496,官,長崎,ながさき,"",44,129,52,27,18,－,#昭50.3.21,84900,－
長崎,84519,官,雲仙岳,うんぜんだけ,"",44,130,15,678,－,－,平14.11.26,－,気温、雨、日照
長崎,84519,官,雲仙岳,うんぜんだけ,"",44,130,15,870,10,－,平14.11.26,－,風
長崎,84523,四,島原,しまばら,"",45,130,21,14,10,1,平.18.3.15,－,－
長崎,84536,官,福江,ふくえ,"",41,128,49,25,10,－,#昭50.3.18,－,－
長崎,84537,官,上大津,かみおおづ,"",39,128,49,77,10,－,平15.1.1,－,日照を除く
長崎,84561,四,口之津,くちのつ,"",36,130,11,13,10,1,(昭50.4.23)昭51.4.1,－,－
長崎,84596,四,野母崎,のもざき,"",34,129,44,190,15,1,平3.3.29,－,－
佐賀地方気象台管理,"","","","","","","","","","","","","",""
佐賀,85033,四,唐津,からつ,"",27,129,57,23,10,1,平22.2.25,－,－
佐賀,85046,雨,北山,ほくざん,"",24,130,13,339,－,－,平22.3.17,－,－
佐賀,85106,雨,鳥栖,とす,"",23,130,31,25,－,－,平22.3.4,－,－
佐賀,85116,四,伊万里,いまり,"",16,129,52,25,8,1,(昭50.9.1)昭52.3.3,－,－
佐賀,85142,官,佐賀,さが,"",15,130,18,6,56,－,平7.10.19,85900,－
佐賀,85161,四,嬉野,うれしの,"",7,129,59,81,10,1,#昭52.2.24,－,－
佐賀,85166,四,白石,しろいし,"",11,130,8,2,10,1,#昭52.3.2,－,－
佐賀,85176,官,川副,かわそえ,"",8,130,18,2,10,－,平15.1.1,－,日照を除く
熊本地方気象台管理,"","","","","","","","","","","","","",""
熊本,86006,四,鹿北,かほく,"",6,130,41,119,10,1,#昭52.2.9,－,－
熊本,86066,四,南小国,みなみおぐに,"",6,131,4,448,10,1,#昭52.2.14,－,－
熊本,86086,四,岱明,たいめい,"",54,130,30,15,10,1,#昭52.2.10,－,－
熊本,86101,四,菊池,きくち,"",56,130,46,83,6,1,#昭52.2.10,－,－
熊本,86111,四,阿蘇乙姫,あそおとひめ,"",56,131,2,497,10,1,昭53.1.11,－,－
熊本,86141,官,熊本,くまもと,"",48,130,42,38,－,－,#昭50.3.26,86905,気温、雨、日照
熊本,86141,官,熊本,くまもと,"",49,130,42,15,15,－,#昭50.3.26,－,風
熊本,86146,官,益城,ましき,"",50,130,51,193,7,－,平15.1.1,－,日照を除く
熊本,86156,官,阿蘇山,あそさん,"",52,131,4,1142,10,－,#平2.3.15,86900,－
熊本,86161,四,高森,たかもり,"",49,131,7,555,10,1,#昭52.2.15,－,－
熊本,86181,雨,宇土,うと,"",42,130,39,6,－,－,平17.12.6,－,－
熊本,86197,雨,山都,やまと,"",42,130,57,574,－,－,平22.3.4,－,－
熊本,86216,四,三角,みすみ,"",36,130,28,60,10,1,(昭50.4.23)昭52.2.23,－,－
熊本,86236,四,甲佐,こうさ,"",38,130,48,36,10,1,#昭52.2.16,－,－
熊本,86271,四,松島,まつしま,"",30,130,26,2,8,1,#昭52.2.24,－,－
熊本,86316,四,本渡,ほんど,"",28,130,10,30,10,1,#昭52.2.25,－,－
熊本,86336,四,八代,やつしろ,"",28,130,36,8,10,1,#昭52.2.22,－,－
熊本,86396,雨,田浦,たのうら,"",21,130,30,3,－,－,昭50.4.25,－,－
熊本,86407,雨,山江,やまえ,"",18,130,44,218,－,－,平2.12.7,－,－
熊本,86411,雨,五木,いつき,"",23,130,49,310,－,－,平24.3.7,－,－
熊本,86451,四,水俣,みなまた,"",12,130,24,6,6,1,(昭50.4.23)昭52.2.21,－,－
熊本,86461,雨,一勝地,いっしょうち,"",14,130,38,120,－,－,平17.12.7,－,－
熊本,86467,官,人吉,ひとよし,"",13,130,45,146,14,－,#昭50.12.13,－,－
熊本,86477,四,上,うえ,"",13,130,54,166,6,1,(昭50.4.23)昭52.3.22,－,－
熊本,86478,雨,多良木,たらぎ,"",17,130,57,210,－,－,平17.12.8,－,－
熊本,86481,雨,湯前横谷,ゆのまえよこたに,"",15,131,2,665,－,－,昭51.4.26,－,－
熊本,86491,官,牛深,うしぶか,"",11,130,1,3,20,－,#昭50.12.19,－,－
熊本,86157,四,南阿蘇,みなみあそ,"",49,131,0,393,4,－,平27.1.16,86901,－
宮崎地方気象台管理,"","","","","","","","","","","","","",""
宮崎,87041,四,高千穂,たかちほ,"",42,131,17,350,8,1,#昭52.2.7,－,－
宮崎,87066,四,古江,ふるえ,"",42,131,49,14,10,1,昭52.2.8,－,－
宮崎,87071,四,鞍岡,くらおか,"",38,131,9,590,6,1,昭54.1.12,－,－
宮崎,87086,雨,日之影,ひのかげ,"",40,131,24,262,－,－,平22.2.18,－,－
宮崎,87127,雨,諸塚,もろつか,"",31,131,20,150,－,－,昭54.1.10,－,－
宮崎,87136,雨,北方,きたかた,"",33,131,31,30,－,－,昭62.2.26,－,－
宮崎,87141,官,延岡,のべおか,"",34,131,39,19,19,－,#昭50.12.11,－,－
宮崎,87157,雨,椎葉,しいば,"",28,131,6,517,－,－,平23.12.20,－,－
宮崎,87181,四,日向,ひゅうが,"",24,131,36,20,9,1,#昭52.2.9,－,－
宮崎,87206,四,神門,みかど,"",23,131,19,250,6,1,昭54.1.11,－,－
宮崎,87231,四,西米良,にしめら,"",14,131,9,258,10,1,昭54.1.10,－,－
宮崎,87251,雨,都農,つの,"",17,131,32,61,－,－,平22.2.17,－,－
宮崎,87293,四,高鍋,たかなべ,"",7,131,28,57,10,1,平29.3.10,－,－
宮崎,87301,四,加久藤,かくとう,"",2,130,48,228,6,1,#昭52.2.1,－,－
宮崎,87331,四,西都,さいと,"",3,131,24,8,10,1,#昭52.2.10,－,－
宮崎,87346,雨,えびの,えびの,"",56,130,50,1150,－,－,#,－,－
宮崎,87352,四,小林,こばやし,"",0,130,57,276,9,1,平12.9.26,－,－
宮崎,87361,雨,野尻,のじり,"",57,131,9,182,－,－,#,－,－
宮崎,87371,雨,国富,くにとみ,"",0,131,17,66,－,－,#,－,－
宮崎,87376,官,宮崎,みやざき,"",56,131,24,9,25,－,#昭50.3.31,－,－
宮崎,87406,四,田野,たの,"",50,131,18,134,10,1,平29.2.17,－,－
宮崎,87412,官,赤江,あかえ,"",52,131,26,6,7,－,平15.1.1,－,日照を除く
宮崎,87426,官,都城,みやこのじょう,"",43,131,4,154,12,－,#昭50.12.16,－,－
宮崎,87461,雨,深瀬,ふかせ,"",38,131,15,130,－,－,昭52.6.30,－,－
宮崎,87492,官,油津,あぶらつ,"",34,131,24,3,－,－,平21.3.10,－,気温、雨、日照
宮崎,87492,官,油津,あぶらつ,"",35,131,24,5,10,－,平21.3.10,－,風
宮崎,87501,四,串間,くしま,"",27,131,13,20,6,1,#昭52.2.3,－,－
鹿児島地方気象台管理,"","","","","","","","","","","","","",""
鹿児島,88061,官,阿久根,あくね,"",1,130,12,40,12,－,#昭50.12.10,－,－
鹿児島,88066,雨,出水,いずみ,"",5,130,21,11,－,－,昭50.4.24,－,－
鹿児島,88081,四,大口,おおくち,"",2,130,37,175,6,1,#昭52.2.14,－,－
鹿児島,88101,雨,紫尾山,しびさん,"",58,130,22,1060,－,－,#,－,－
鹿児島,88107,四,さつま柏原,さつまかしわばる,"",55,130,27,59,6,1,#昭51.4.1,－,－
鹿児島,88131,四,中甑,なかこしき,"",50,129,52,10,6,1,#昭52.2.19,－,－
鹿児島,88151,四,川内,せんだい,"",50,130,18,5,6,1,#昭52.2.15,－,－
鹿児島,88166,官,溝辺,みぞべ,"",48,130,43,272,8,－,#平7.3.22,－,日照を除く
鹿児島,88211,雨,八重山,やえやま,"",44,130,26,533,－,－,#,－,－
鹿児島,88261,四,東市来,ひがしいちき,"",40,130,19,40,6,1,#昭52.2.16,－,－
鹿児島,88286,四,牧之原,まきのはら,"",39,130,50,387,10,1,(昭50.4.24)昭52.2.9,－,－
鹿児島,88317,官,鹿児島,かごしま,"",33,130,32,4,44,－,平6.2.25,88905,－
鹿児島,88331,四,輝北,きほく,"",35,130,51,360,6,1,昭52.3.10,－,－
鹿児島,88341,雨,大隅,おおすみ,"",34,131,0,170,－,－,昭52.3.17,－,－
鹿児島,88371,四,加世田,かせだ,"",24,130,19,9,8,1,#昭52.2.21,－,－
鹿児島,88392,雨,吉ケ別府,よしがべっぷ,"",27,130,51,100,－,－,昭52.6.6,－,－
鹿児島,88406,四,志布志,しぶし,"",28,131,5,70,6,1,(昭50.4.24)昭52.2.16,－,－
鹿児島,88432,四,喜入,きいれ,"",23,130,32,4,8,1,#昭52.2.23,－,－
鹿児島,88442,四,鹿屋,かのや,"",23,130,51,80,10,1,(昭50.4.24)昭52.2.25,－,－
鹿児島,88447,四,肝付前田,きもつきまえだ,"",20,130,56,31,9,1,昭52.8.10,－,－
鹿児島,88466,官,枕崎,まくらざき,"",16,130,17,30,11,－,#昭50.3.24,－,－
鹿児島,88486,四,指宿,いぶすき,"",15,130,38,5,10,1,#昭52.2.24,－,－
鹿児島,88506,四,内之浦,うちのうら,"",16,131,3,8,10,1,#昭52.2.15,－,－
鹿児島,88536,四,田代,たしろ,"",11,130,50,182,6,1,昭52.2.14,－,－
鹿児島,88551,雨,佐多,さた,"",5,130,41,27,－,－,昭52.6.28,－,－
鹿児島,88612,官,種子島,たねがしま,"",43,130,58,25,29,－,#昭50.3.26,－,－
鹿児島,88621,官,中種子,なかたね,"",36,130,59,234,8,－,平15.1.1,－,日照を除く
鹿児島,88666,四,上中,かみなか,"",24,130,54,150,6,1,#昭52.2.18,－,－
鹿児島,88686,官,屋久島,やくしま,"",23,130,39,37,7,－,#昭50.12.19,－,－
鹿児島,88706,四,尾之間,おのあいだ,"",14,130,33,60,6,1,#昭52.3.4,－,－
鹿児島,88736,四,中之島,なかのしま,"",50,129,52,220,6,1,平14.12.18,－,－
鹿児島,88746,雨,平島,たいらじま,"",41,129,31,97,－,－,平26.9.17,－,－
鹿児島,88756,雨,諏訪之瀬島,すわのせじま,"",36,129,42,111,－,－,平26.9.3,－,－
鹿児島,88776,雨,小宝島,こだからじま,"",13,129,19,10,－,－,平26.9.3,－,－
鹿児島,88781,雨,宝島,たからじま,"",9,129,12,33,－,－,平26.7.30,－,－
鹿児島,88821,官,笠利,かさり,"",25,129,42,4,9,－,平15.1.1,－,日照を除く
鹿児島,88836,官,名瀬,なぜ,"",22,129,29,3,20,－,#昭50.3.17,－,－
鹿児島,88851,官,喜界島,きかいじま,"",19,129,55,5,10,－,(昭53.11.9)平12.3.16,－,日照を除く
鹿児島,88901,四,古仁屋,こにや,"",8,129,18,2,6,1,(昭50.5.9)昭52.2.21,－,－
鹿児島,88931,官,天城,あまぎ,"",50,128,52,2,6,－,平15.3.1,－,日照を除く
鹿児島,88956,四,伊仙,いせん,"",40,128,58,44,6,1,昭52.2.24,－,－
鹿児島,88971,官,沖永良部,おきのえらぶ,"",25,128,42,27,10,－,#昭50.4.10,－,－
鹿児島,88986,官,与論島,よろんじま,"",2,128,24,14,10,－,(昭53.10.3)平12.3.16,－,日照を除く
沖縄気象台管理,"","","","","","","","","","","","","",""
沖縄,91011,四,伊是名,いぜな,"",56,127,56,14,10,1,昭52.3.16,－,－
沖縄,91021,四,奥,おく,"",50,128,16,232,10,1,#昭52.2.28,－,－
沖縄,91046,雨,国頭,くにがみ,"",43,128,10,8,－,－,平17.12.20,－,－
沖縄,91066,雨,本部,もとぶ,"",41,127,53,25,－,－,昭56.7.1,－,－
沖縄,91081,雨,東,ひがし,"",37,128,9,24,－,－,昭56.7.1,－,－
沖縄,91096,官,粟国,あぐに,"",35,127,14,12,6,－,平15.1.1,－,日照を除く
沖縄,91107,官,名護,なご,"",35,127,57,6,25,－,昭62.7.1,－,－
沖縄,91121,雨,読谷,よみたん,"",24,127,44,90,－,－,#,－,－
沖縄,91141,官,北原,きたはら,"",21,126,42,7,6,－,平15.1.1,－,日照を除く
沖縄,91146,官,久米島,くめじま,"",20,126,48,5,15,－,昭52.3.23,－,－
沖縄,91151,雨,渡名喜,となき,"",22,127,8,7,－,－,平26.8.26,－,－
沖縄,91161,雨,胡屋,ごや,"",19,127,48,86,－,－,#,－,－
沖縄,91166,四,宮城島,みやぎじま,"",21,127,58,100,10,1,平19.12.19,－,－
沖縄,91181,四,渡嘉敷,とかしき,"",12,127,21,220,10,1,昭52.3.23,－,－
沖縄,91197,官,那覇,なは,"",12,127,41,28,47,－,昭62.6.10,－,－
沖縄,91216,官,慶良間,けらま,"",10,127,17,48,6,－,平15.1.1,－,日照を除く
沖縄,91236,官,安次嶺,あしみね,"",11,127,38,3,7,－,平15.1.1,－,日照を除く
沖縄,91241,四,糸数,いとかず,"",9,127,45,186,10,1,#昭52.3.3,－,－
沖縄,92006,官,北大東,きただいとう,"",56,131,19,22,7,－,平15.1.1,－,日照を除く
沖縄,92011,官,南大東,みなみだいとう,"",49,131,13,15,22,－,昭54.3.14,－,－
沖縄,92012,官,旧東,きゅうとう,"",50,131,15,48,7,－,平15.1.1,－,日照を除く
宮古島地方気象台管理,"","","","","","","","","","","","","",""
沖縄,93012,官,下地,しもじ,"",49,125,8,8,9,－,平15.1.1,－,日照を除く
沖縄,93041,官,宮古島,みやこじま,"",47,125,16,40,13,－,昭52.3.16,－,－
沖縄,93042,官,鏡原,かがみはら,"",46,125,17,43,9,－,平15.1.1,－,日照を除く
沖縄,93051,雨,城辺,ぐすくべ,"",44,125,24,55,－,－,昭53.1.30,－,－
沖縄,93062,官,仲筋,なかすじ,"",39,124,40,10,9,－,平15.1.1,－,日照を除く
石垣島地方気象台管理,"","","","","","","","","","","","","",""
沖縄,94001,四,伊原間,いばるま,"",30,124,16,15,6,1,昭52.3.10,－,－
沖縄,94011,官,所野,ところの,"",28,122,58,15,9,－,平15.1.1,－,日照を除く
沖縄,94017,官,与那国島,よなぐにじま,"",28,123,0,30,14,－,昭53.4.25,－,－
沖縄,94036,雨,川平,かびら,"",28,124,8,7,－,－,昭53.3.13,－,－
沖縄,94062,官,西表島,いりおもてじま,"",25,123,45,10,10,－,平15.3.12,－,－
沖縄,94081,官,石垣島,いしがきじま,"",20,124,9,6,28,－,昭52.3.8,－,－
沖縄,94086,官,盛山,もりやま,"",23,124,14,31,10,－,平25.3.7,－,日照を除く
沖縄,94101,四,大原,おおはら,"",15,123,52,33,10,1,昭53.3.14,－,－
沖縄,94116,四,波照間,はてるま,"",3,123,46,38,6,1,昭54.3.2,－,－
沖縄,94121,官,志多阿原,したあばる,"",3,123,48,13,9,－,平15.1.1,－,日照を除く
